poll_id,poll_type,subject,seat_name,pollster,start_date,end_date,created_at,sample_size,population,sponsors,internal,partisan,url,D_pct,R_pct,D_R_margin,party_mapping,usable,recency_weight,population_weight,sample_weight,internal_weight,raw_weight,STATE,STATE_ABBR
us-202uni63b326ca,us-senator,2026 Maine,,University of Massachusetts Lowell Center for Public Opinion/YouGov,2026-05-13,2026-05-16,2026-06-04,650.0,lv,[],False,,https://www.uml.edu/news/press-releases/2026/06042026-maine-senate-poll.aspx,48.0,43.0,5.0,incumbent_plus_two_candidate_inference,True,0.07201758445988458,1.0,0.9013878188659973,1.0,0.0649157733762931,Maine,ME
us-202vic0a006caa,us-senator,2026 North Carolina,,Victory Insights,2024-11-26,2024-11-29,2026-02-17,800.0,lv,[],False,,https://irp.cdn-website.com/07e08705/files/uploaded/PollReport_NC-2026_12-2-24.pdf,,,,unmapped_party,False,3.229527306649025e-07,1.0,1.0,1.0,0.0,North Carolina,NC
us-202vic15890316,us-senator,2026 North Carolina,,Victory Insights,2024-11-26,2024-11-29,2026-02-17,800.0,lv,[],False,,https://irp.cdn-website.com/07e08705/files/uploaded/PollReport_NC-2026_12-2-24.pdf,,,,unmapped_party,False,3.229527306649025e-07,1.0,1.0,1.0,0.0,North Carolina,NC
us-202pubdc157848,us-senator,2026 North Carolina,,Public Policy Polling,2025-03-04,2025-03-05,2026-02-17,662.0,rv,[],False,,https://e1.nmcdn.io/assets/ppp/wp-content/uploads/2025/03/NorthCarolinaResults.pdf,,,,unmapped_party,False,2.9678021636525907e-06,0.88,0.9096702699330126,1.0,0.0,North Carolina,NC
us-202vicec5afb5c,us-senator,2026 North Carolina,,Victory Insights,2025-07-28,2025-07-30,2026-02-17,600.0,lv,[],False,,https://irp.cdn-website.com/07e08705/files/uploaded/PollSummary_NC-US-Senate_07-31-2025.pdf,,,,unmapped_party,False,8.86098345933501e-05,1.0,0.8660254037844386,1.0,0.0,North Carolina,NC
us-202harc083001c,us-senator,2026 North Carolina,,Harper Polling,2025-08-11,2025-08-12,2026-02-17,600.0,lv,"[""Carolina Journal""]",False,,https://www.carolinajournal.com/wp-content/uploads/2025/08/H23232-CJ-NC-Aug25-Toplines.pdf,,,,unmapped_party,False,0.00011965428537310239,1.0,0.8660254037844386,1.0,0.0,North Carolina,NC
us-202chab6c27b91,us-senator,2026 North Carolina,,Change Research,2025-09-02,2025-09-08,2026-02-17,855.0,lv,"[""Carolina Forward""]",False,DEM,https://docs.google.com/spreadsheets/d/1fTOAqF7rZ9ugyF1ZFqInJpQ1LgXEu1rnG1Js0y-1YSo/edit?nvep=&hmac=&emci=b910b780-d290-f011-b484-6045bdeb7413&emdi=ea000000-0000-0000-0000-000000000001&ceid=&gid=0#gid=0,,,,unmapped_party,False,0.0002232827916637295,1.0,1.0338036564067667,1.0,0.0,North Carolina,NC
us-202har2b123ce0,us-senator,2026 North Carolina,,Harper Polling,2025-09-14,2025-09-15,2026-02-17,600.0,lv,"[""Carolina Journal""]",False,,https://www.carolinajournal.com/wp-content/uploads/2025/09/H23315-CJ-NC-Sept25-Toplines.pdf,,,,unmapped_party,False,0.0002624796182494566,1.0,0.8660254037844386,1.0,0.0,North Carolina,NC
us-202har1bdb30c5,us-senator,2026 North Carolina,,Harper Polling,2025-11-09,2025-11-10,2026-02-17,600.0,lv,"[""Carolina Journal""]",False,,https://www.carolinajournal.com/polls/november-2025-cooper-maintains-lead-in-senate-race,,,,unmapped_party,False,0.0009572342829848215,1.0,0.8660254037844386,1.0,0.0,North Carolina,NC
us-202harc344974e,us-senator,2026 North Carolina,,Harper Polling,2025-11-09,2025-11-10,2026-02-17,600.0,lv,"[""Carolina Journal""]",False,,https://www.carolinajournal.com/wp-content/uploads/2025/11/H23440-CJ-NC-Nov25-Toplines.pdf,,,,unmapped_party,False,0.0009572342829848215,1.0,0.8660254037844386,1.0,0.0,North Carolina,NC
us-202eme013c2ece,us-senator,2026 North Carolina,,Emerson College,2025-07-28,2025-07-30,2026-02-17,1000.0,rv,[],False,,https://docs.google.com/spreadsheets/d/15z1ND9R9K0UklZgcXV7Wf1Qotwsj7kb7/edit?gid=455076038#gid=455076038,,,,unmapped_party,False,8.86098345933501e-05,0.88,1.118033988749895,1.0,0.0,North Carolina,NC
us-202cha2976f667,us-senator,2026 North Carolina,,Change Research,2026-01-05,2026-01-07,2026-02-17,1105.0,lv,[],False,DEM,https://docs.google.com/spreadsheets/d/1_I2lZN7nOAANajydNZPjm_jaPVK_CVWO9FDuX0kReVQ/edit,,,,unmapped_party,False,0.003656028472333054,1.0,1.1752659273543158,1.0,0.0,North Carolina,NC
us-202tipab84b110,us-senator,2026 North Carolina,,TIPP Insights,2026-01-12,2026-01-15,2026-02-17,1512.0,rv,"[""League of American Workers""]",False,REP,https://www.dailysignal.com/2026/01/19/exclusive-economy-remains-gops-biggest-vulnerability-in-north-carolina-new-poll-shows,,,,unmapped_party,False,0.004398293784845718,0.88,1.374772708486752,1.0,0.0,North Carolina,NC
us-202cha2111afda,us-senator,2026 North Carolina,,Change Research,2026-01-31,2026-02-04,2026-02-20,1069.0,rv,[],False,,https://docs.google.com/spreadsheets/d/1Onaf6YlsprPfjSMODM7ibvwEXs082o7-jNMCML7lGGo/edit?gid=0#gid=0,,,,unmapped_party,False,0.0069818561809292835,0.88,1.1559628021696893,1.0,0.0,North Carolina,NC
us-202onm04028dcb,us-senator,2026 Ohio,,OnMessage,2026-03-03,2026-03-08,2026-03-12,600.0,lv,"[""Insurance Watchdog Coalition""]",False,,https://www.nbc4i.com/news/your-local-election-hq/brown-leads-husted-in-new-ohio-senate-race-poll-with-healthcare-costs-a-top-concern,47.0,45.0,2.0,incumbent_plus_two_candidate_inference,True,0.014624113889332208,1.0,0.8660254037844386,1.0,0.012664854135998542,Ohio,OH
us-202emeea9b3350,us-senator,2026 Ohio,,Emerson College,2025-12-06,2025-12-08,2026-03-12,850.0,rv,[],False,,https://docs.google.com/spreadsheets/d/1XC3hL0rFXCZ_vYDiaq7J1ZLBJXdkvfPT/edit?gid=1877557151#gid=1877557151,46.3,48.8,-2.5,incumbent_plus_two_candidate_inference,True,0.001828014236166527,0.88,1.0307764064044151,1.0,0.0016581610717864234,Ohio,OH
us-202bow288ac89a,us-senator,2026 Ohio,,Bowling Green State University/YouGov,2025-10-02,2025-10-14,2026-03-12,800.0,rv,[],False,,https://scholarworks.bgsu.edu/cgi/viewcontent.cgi?article=1013&context=depo,49.0,48.0,1.0,incumbent_plus_two_candidate_inference,True,0.0005129691509665439,0.88,1.0,1.0,0.0004514128528505586,Ohio,OH
us-202eme8f806411,us-senator,2026 Ohio,,Emerson College,2025-08-18,2025-08-19,2026-03-12,1000.0,rv,[],False,,https://docs.google.com/spreadsheets/d/1jc0ia3Tt5qFUIPqOeRNCrHzVIMJmawJO/edit?gid=533243968#gid=533243968,43.7,49.5,-5.799999999999997,incumbent_plus_two_candidate_inference,True,0.00014065934464821221,0.88,1.118033988749895,1.0,0.00013839049677374845,Ohio,OH
us-202bowabd25f95,us-senator,2026 Ohio,,Bowling Green State University/YouGov,2025-04-18,2025-04-24,2026-03-12,800.0,rv,[],False,,https://scholarworks.bgsu.edu/cgi/viewcontent.cgi?article=1009&context=depo,46.0,49.0,-3.0,incumbent_plus_two_candidate_inference,True,9.422184553231249e-06,0.88,1.0,1.0,8.2915224068435e-06,Ohio,OH
us-202bowefe05ca7,us-senator,2026 Ohio,,Bowling Green State University/YouGov,2025-02-14,2025-02-21,2026-03-12,800.0,rv,[],False,,https://scholarworks.bgsu.edu/cgi/viewcontent.cgi?article=1007&context=depo,41.0,47.0,-6.0,incumbent_plus_two_candidate_inference,True,2.2491734527868142e-06,0.88,1.0,1.0,1.9792726384523964e-06,Ohio,OH
us-202emc72b76be3,us-senator,2026 Ohio,,EMC Research,2026-02-10,2026-02-22,2026-03-12,1343.0,lv,"[""Ohio Environmental Council""]",False,,https://theoec.org/wp-content/uploads/2026/03/OEC-Ohio-Survey-Results-2026.pdf,51.0,47.0,4.0,incumbent_plus_two_candidate_inference,True,0.010582515078427538,1.0,1.2956658519849937,1.0,0.013711403415234859,Ohio,OH
us-202pub85665d25,us-senator,2026 North Carolina,,Public Policy Polling,2026-03-13,2026-03-14,2026-03-16,556.0,rv,[],False,,https://e1.nmcdn.io/assets/ppp/wp-content/uploads/2026/03/NorthCarolinaResults31626.pdf,,,,unmapped_party,False,0.01679869556796519,0.88,0.8336666000266533,1.0,0.0,North Carolina,NC
us-202quad6aba264,us-senator,2026 Ohio,,Quantus Insights,2026-03-13,2026-03-14,2026-03-16,925.0,lv,[],False,,https://docs.google.com/spreadsheets/d/1ybme6RFR0Gz0WDhEeTLTeIQkeWU6vyqB/edit?rtpof=true&sd=true,44.0,46.0,-2.0,incumbent_plus_two_candidate_inference,True,0.01679869556796519,1.0,1.0752906583803283,1.0,0.018063480417207994,Ohio,OH
us-202ala6fd3746f,us-senator,2026 Alaska,,Alaska Survey Research,2026-03-19,2026-03-22,2026-03-29,1283.0,lv,[],False,,https://bsky.app/profile/alaskasurvey.bsky.social/post/3mi5sviz72222,52.4,47.6,4.799999999999997,incumbent_plus_two_candidate_inference,True,0.020209251341783828,1.0,1.266392514191394,1.0,0.025592844616647428,Alaska,AK
us-202pub023ecafb,us-senator,2026 Alaska,,Public Policy Polling,2026-01-16,2026-01-17,2026-03-29,611.0,rv,"[""Democratic Senatorial Campaign Committee""]",False,DEM,https://www.politico.com/newsletters/playbook/2026/01/21/what-davos-really-thinks-of-trump-00738555?nname=playbook&nid=0000014f-1646-d88f-a1cf-5f46b7bd0000&nrid=4d735b47-a8a7-41f4-9c35-277919f359ed,49.0,47.0,2.0,incumbent_plus_two_candidate_inference,True,0.0046063072313074094,0.88,0.8739279146474268,1.0,0.0035425108161360247,Alaska,AK
us-202ala3b65f6ef,us-senator,2026 Alaska,,Alaska Survey Research,2026-01-08,2026-01-11,2026-03-29,1681.0,lv,[],False,,https://x.com/The_Real_ASR/status/2011266752693616932,48.0,46.4,1.6000000000000014,incumbent_plus_two_candidate_inference,True,0.004010023354929675,1.0,1.4495689014324225,1.0,0.005812805149323766,Alaska,AK
us-202eme1bcacacc,us-senator,2026 Georgia,,Emerson College,2026-02-28,2026-03-02,2026-03-30,1000.0,lv,"[""Nexstar Media/WGN-TV""]",False,,https://docs.google.com/spreadsheets/d/1WMIkxH0hZRhWe0dbY6wtuuqshJGChuhv/edit?gid=1306158051#gid=1306158051,47.7,43.3,4.400000000000006,incumbent_plus_two_candidate_inference,True,0.012731030584064823,1.0,1.118033988749895,1.0,0.014233724904798899,Georgia,GA
us-202qua80fe18a7,us-senator,2026 Georgia,,Quantus Insights,2025-09-09,2025-09-12,2026-03-30,624.0,rv,[],False,,https://drive.google.com/file/d/1s_XyIo0Rre1TGtVisHKu9hW3S4yEvxRl/view,37.8,37.7,0.09999999999999432,incumbent_plus_two_candidate_inference,True,0.0002449021434327297,0.88,0.8831760866327847,1.0,0.00019033671064751126,Georgia,GA
us-202tip0382be0d,us-senator,2026 Georgia,,TIPP Insights,2025-07-28,2025-08-01,2026-03-30,2395.0,lv,"[""League of American Workers""]",False,REP,https://dailycaller.com/2025/08/07/mike-collins-georgia-senate-poll,45.0,44.0,1.0,incumbent_plus_two_candidate_inference,True,9.28005589937234e-05,1.0,1.45,1.0,0.00013456081054089892,Georgia,GA
us-202cyg167b9abc,us-senator,2026 Georgia,,Cygnal,2025-05-15,2025-05-17,2026-03-30,800.0,rv,"[""Democracy Defense Project""]",False,DEM,https://www.ajc.com/politics/2025/05/brad-raffensperger-for-senate-poll-shows-dead-heat-with-jon-ossoff/,46.0,43.0,3.0,incumbent_plus_two_candidate_inference,True,1.6030285967704477e-05,0.88,1.0,1.0,1.410665165157994e-05,Georgia,GA
us-202traba6abade,us-senator,2026 Georgia,,Trafalgar Group,2025-04-24,2025-04-27,2026-03-30,1426.0,lv,[],False,REP,https://www.thetrafalgargroup.org/wp-content/uploads/2025/04/GA-26-US-Senate-0428_Full-Report.pdf,47.5,42.8,4.700000000000003,incumbent_plus_two_candidate_inference,True,1.0098447363272643e-05,1.0,1.335102992281869,1.0,1.3482467292106254e-05,Georgia,GA
us-202wpa60d3da4e,us-senator,2026 Georgia,,WPA Intelligence,2025-01-14,2025-01-15,2026-03-30,500.0,lv,"[""Club for Growth""]",False,REP,https://www.politico.com/news/2025/01/16/kemp-ossoff-poll-georgia-senate-00198719,44.0,34.0,10.0,incumbent_plus_two_candidate_inference,True,9.56648997784098e-07,1.0,0.7905694150420949,1.0,7.562974385787807e-07,Georgia,GA
us-202nex3971aa3a,us-senator,2026 North Carolina,,Nexus Strategies/Strategic Partners Solutions,2026-03-08,2026-03-09,2026-03-30,800.0,lv,"[""Healthier United Fund""]",False,,https://www.healthierunited.org/media/disagree-healthier-launch-j6kn8-4rbfc,,,,unmapped_party,False,0.014965936347929993,1.0,1.0,1.0,0.0,North Carolina,NC
us-202you2133db87,us-senator,2026 North Carolina,,YouGov,2026-03-09,2026-03-18,2026-04-01,871.0,lv,"[""Catawba College Center for North Carolina Politics & Public Service""]",False,,https://www.catawba.edu/news/all-news/2026/yougov-24,,,,unmapped_party,False,0.018425228925229627,1.0,1.0434318377354603,1.0,0.0,North Carolina,NC
us-202eme1adbecdc,us-senator,2026 Florida,,Emerson College,2026-03-29,2026-03-31,2026-04-10,1125.0,lv,[],False,,https://docs.google.com/spreadsheets/d/1b8oV9f1Zzl_Uew5WPkIIeFLjVMJuHNf7/edit?usp=sharing&ouid=111479937799022047482&rtpof=true&sd=true,38.0,45.9,-7.899999999999999,incumbent_plus_two_candidate_inference,True,0.02488050688732041,1.0,1.1858541225631423,1.0,0.02950465166378956,Florida,FL
us-202uni187076c4,us-senator,2026 Florida,,University of North Florida,2026-02-21,2026-03-02,2026-04-10,786.0,lv,[],False,,https://thecapitolist.com/unf-poll-donalds-leads-jolly-in-governor-race-moody-ahead-of-vindman-for-senate/,38.0,45.0,-7.0,incumbent_plus_two_candidate_inference,True,0.012731030584064823,1.0,0.9912113800799505,1.0,0.012619142395070952,Florida,FL
us-202mdw67caa80b,us-senator,2026 Florida,,MDW Communications,2026-03-27,2026-04-03,2026-04-13,1834.0,lv,"[""EDGE Communications""]",False,,https://floridapolitics.com/archives/790357-poll-democrats-gaining-ground-key-races-tighten-in-florida-as-donald-trump-drags-gop,42.0,43.0,-1.0,incumbent_plus_two_candidate_inference,True,0.026666267016281477,1.0,1.45,1.0,0.03866608717360814,Florida,FL
us-202eme9a6a68f5,us-senator,2026 New Hampshire,,Emerson College,2026-03-21,2026-03-23,2026-04-14,1100.0,lv,[],False,,https://docs.google.com/spreadsheets/d/1-Q3fMv-ldmBe4xdMzd0q49PpV7xncHZL/edit?gid=744018967#gid=744018967,,,,unmapped_party,False,0.02068162019998236,1.0,1.1726039399558574,1.0,0.0,New Hampshire,NH
us-202saica770502,us-senator,2026 New Hampshire,,Saint Anselm,2026-03-16,2026-03-18,2026-04-14,1491.0,rv,[],False,,https://www.anselm.edu/about/anselmian-hub/news/new-poll-saint-anselm-college-survey-shows-democrats-gaining-ground-republicans-face-political-headwinds,,,,unmapped_party,False,0.018425228925229627,0.88,1.3651922941476047,1.0,0.0,New Hampshire,NH
us-202yese8051e85,us-senator,2026 New Hampshire,,yes. every kid.,2026-01-28,2026-01-29,2026-04-14,563.0,lv,[],False,,https://yeseverykid.com/new-hampshire-voters-support-expanded-public-school-access/,,,,unmapped_party,False,0.006078058831160517,1.0,0.8388980867781258,1.0,0.0,New Hampshire,NH
us-202uni1250e038,us-senator,2026 New Hampshire,,University of New Hampshire,2026-01-15,2026-01-19,2026-04-14,2038.0,lv,[],False,,https://scholars.unh.edu/survey_center_polls/922/,,,,unmapped_party,False,0.004824158491254403,1.0,1.45,1.0,0.0,New Hampshire,NH
us-202prad23da08c,us-senator,2026 New Hampshire,,Praecones Analytica,2025-12-26,2025-12-28,2026-04-14,603.0,rv,"[""New Hampshire Journal""]",False,,https://acrobat.adobe.com/id/urn:aaid:sc:US:bd0b0e63-78b9-426d-b30f-1696edd951f6,,,,unmapped_party,False,0.0029017917215035886,0.88,0.868187767709267,1.0,0.0,New Hampshire,NH
us-202saia99778cd,us-senator,2026 New Hampshire,,Saint Anselm,2025-11-18,2025-11-19,2026-04-14,2112.0,rv,[],False,,https://www.anselm.edu/about/anselmian-hub/news/new-poll-saint-anselm-college-survey-shows-declining-optimism-democracy-dominant-issue-and-early-partisan-divides-ahead-2026,,,,unmapped_party,False,0.0011784936397589887,0.88,1.45,1.0,0.0,New Hampshire,NH
us-202co/0b672f7f,us-senator,2026 New Hampshire,,co/efficient,2025-10-09,2025-10-13,2026-04-14,1034.0,lv,[],False,,https://coefficient.org/our-work/new-hampshire-us-senate-oct-2025/,,,,unmapped_party,False,0.00050125291936621,1.0,1.1368817000902072,1.0,0.0,New Hampshire,NH
us-202uni0401d0f4,us-senator,2026 New Hampshire,,University of New Hampshire,2025-09-17,2025-09-23,2026-04-14,1225.0,lv,[],False,,https://scholars.unh.edu/survey_center_polls/888/,,,,unmapped_party,False,0.0003157695522153725,1.0,1.2374368670764582,1.0,0.0,New Hampshire,NH
us-202co/465a61ff,us-senator,2026 New Hampshire,,co/efficient,2025-09-10,2025-09-12,2026-04-14,904.0,lv,[],False,,https://coefficient.org/wp-content/uploads/2025/09/NH-U.S.-Senate-General-Election-2026.pdf,,,,unmapped_party,False,0.0002449021434327297,1.0,1.0630145812734648,1.0,0.0,New Hampshire,NH
us-202189327ac2c7,us-senator,2026 New Hampshire,,1892 Polling,2025-09-02,2025-09-04,2026-04-14,500.0,lv,"[""One Nation""]",False,,https://punchbowl.news/nhsen_poll2memo_d2b_090625/,,,,unmapped_party,False,0.00020357194246788137,1.0,0.7905694150420949,1.0,0.0,New Hampshire,NH
us-202qua5256989f,us-senator,2026 New Hampshire,,Quantus Insights,2025-03-17,2025-03-19,2026-04-14,650.0,rv,"[""TrendingPolitics""]",False,REP,https://drive.google.com/file/d/1pTEGFZakFzekwP2SUbeB7W1cU0InW8EI/view?usp=sharing,,,,unmapped_party,False,4.101244035147744e-06,0.88,0.9013878188659973,1.0,0.0,New Hampshire,NH
us-202mai1c9d66fd,us-senator,2026 Maine,,Maine People's Resource Center,2026-03-20,2026-03-31,2026-04-16,1167.0,lv,[],False,,https://static.notus.org/0b/9f/97515a054eaa89882d18ab798388/poll.pdf,48.3,39.3,9.0,incumbent_plus_two_candidate_inference,True,0.02488050688732041,1.0,1.2077872329181163,1.0,0.03005035856703685,Maine,ME
us-202mai395fc865,us-senator,2026 Maine,,Maine People's Resource Center,2026-03-20,2026-03-31,2026-04-16,1167.0,lv,[],False,,https://static.notus.org/0b/9f/97515a054eaa89882d18ab798388/poll.pdf,41.9,45.0,-3.1000000000000014,incumbent_plus_two_candidate_inference,True,0.02488050688732041,1.0,1.2077872329181163,1.0,0.03005035856703685,Maine,ME
us-202emeae25a0b0,us-senator,2026 Maine,,Emerson College,2026-03-21,2026-03-23,2026-04-16,1075.0,lv,[],False,,https://docs.google.com/spreadsheets/d/1jm6cifqqT8NRH_qpVamcP3BDevlPuVtI/edit?usp=sharing&ouid=111479937799022047482&rtpof=true&sd=true,47.8,40.6,7.199999999999996,incumbent_plus_two_candidate_inference,True,0.02068162019998236,1.0,1.159202311936963,1.0,0.023974181950421745,Maine,ME
us-202eme316dd7a3,us-senator,2026 Maine,,Emerson College,2026-03-21,2026-03-23,2026-04-16,1075.0,lv,[],False,,https://docs.google.com/spreadsheets/d/1jm6cifqqT8NRH_qpVamcP3BDevlPuVtI/edit?usp=sharing&ouid=111479937799022047482&rtpof=true&sd=true,46.2,42.5,3.700000000000003,incumbent_plus_two_candidate_inference,True,0.02068162019998236,1.0,1.159202311936963,1.0,0.023974181950421745,Maine,ME
us-202quad631010c,us-senator,2026 Maine,,Quantus Insights,2026-03-03,2026-03-05,2026-04-16,800.0,lv,[],False,,https://polls.quantusinsights.org/polls/maine-senate-quantus-mxnu1zpr?tab=toplines,43.0,44.6,-1.6000000000000014,incumbent_plus_two_candidate_inference,True,0.0136447807307386,1.0,1.0,1.0,0.0136447807307386,Maine,ME
us-202qua10b03a8f,us-senator,2026 Maine,,Quantus Insights,2026-03-03,2026-03-05,2026-04-16,800.0,lv,[],False,,https://polls.quantusinsights.org/polls/maine-senate-quantus-mxnu1zpr?tab=toplines,48.6,41.8,6.800000000000004,incumbent_plus_two_candidate_inference,True,0.0136447807307386,1.0,1.0,1.0,0.0136447807307386,Maine,ME
us-202pan6f538bdb,us-senator,2026 Maine,,Pan Atlantic SMS Group,2026-02-13,2026-03-02,2026-04-16,810.0,lv,[],False,,https://hs-21701012.f.hubspotstarter.net/hubfs/21701012/20260304%2068th%20Omnibus%20Poll%20March%202026.pdf?utm_medium=email&_hsenc=p2ANqtz-8Smdd7JAYw6nBcKm1gfTX5TzCqm0rgKMxcZRco0jyjJhxQiJcRLcVhwNLu29zTOsV3FCNkzssQ0i1ZVFuKVQ_UUvqzVQ&_hsmi=406936398&utm_content=406936398&utm_source=hs_email,44.0,40.0,4.0,incumbent_plus_two_candidate_inference,True,0.012731030584064823,1.0,1.0062305898749053,1.0,0.012810352414319008,Maine,ME
us-202pan8d235770,us-senator,2026 Maine,,Pan Atlantic SMS Group,2026-02-13,2026-03-02,2026-04-16,810.0,lv,[],False,,https://hs-21701012.f.hubspotstarter.net/hubfs/21701012/20260304%2068th%20Omnibus%20Poll%20March%202026.pdf?utm_medium=email&_hsenc=p2ANqtz-8Smdd7JAYw6nBcKm1gfTX5TzCqm0rgKMxcZRco0jyjJhxQiJcRLcVhwNLu29zTOsV3FCNkzssQ0i1ZVFuKVQ_UUvqzVQ&_hsmi=406936398&utm_content=406936398&utm_source=hs_email,44.0,44.0,0.0,incumbent_plus_two_candidate_inference,True,0.012731030584064823,1.0,1.0062305898749053,1.0,0.012810352414319008,Maine,ME
us-202unib4f650e2,us-senator,2026 Maine,,University of New Hampshire,2026-02-12,2026-02-16,2026-04-16,1097.0,lv,[],False,,https://scholars.unh.edu/survey_center_polls/930/,41.0,40.0,1.0,incumbent_plus_two_candidate_inference,True,0.009212614462614819,1.0,1.171003842863037,1.0,0.010788006938537546,Maine,ME
us-202unie1113a54,us-senator,2026 Maine,,University of New Hampshire,2026-02-12,2026-02-16,2026-04-16,1105.0,lv,[],False,,https://scholars.unh.edu/survey_center_polls/930/,49.0,38.0,11.0,incumbent_plus_two_candidate_inference,True,0.009212614462614819,1.0,1.1752659273543158,1.0,0.010827271879762786,Maine,ME
us-202fab3ee58419,us-senator,2026 Maine,,"Fabrizio, Lee & Associates",2026-01-20,2026-01-24,2026-04-16,800.0,lv,"[""Pine Tree Results""]",False,REP,https://login.politicopro.com/?redirect=https://subscriber.politicopro.com/?redirect=https://subscriber.politicopro.com/f/?id%3D0000019c-2aaf-d647-addc-abef0b310000,44.0,45.0,-1.0,incumbent_plus_two_candidate_inference,True,0.005414934821462472,1.0,1.0,1.0,0.005414934821462472,Maine,ME
us-202fabb74398c5,us-senator,2026 Maine,,"Fabrizio, Lee & Associates",2026-01-20,2026-01-24,2026-04-16,800.0,lv,"[""Pine Tree Results""]",False,REP,https://login.politicopro.com/?redirect=https://subscriber.politicopro.com/?redirect=https://subscriber.politicopro.com/f/?id%3D0000019c-2aaf-d647-addc-abef0b310000,44.0,45.0,-1.0,incumbent_plus_two_candidate_inference,True,0.005414934821462472,1.0,1.0,1.0,0.005414934821462472,Maine,ME
us-202panabcd1049,us-senator,2026 Maine,,Pan Atlantic SMS Group,2025-11-29,2025-12-07,2026-04-16,820.0,lv,[],False,,https://hs-21701012.f.hubspotstarter.net/hubfs/21701012/67th%20Omnibus%20Poll%20December%202025.pdf?utm_medium=email&_hsenc=p2ANqtz-_qWyGL4keanJ5LSdiKL6c5WZV-1bzCKylYwKxtbhhKyeZjebUL8XLBb0fyCN-GbIYvmJH9vOeAAN3J59WkcFJnVG8viQ&_hsmi=393840029&utm_content=393840029&utm_source=hs_email,43.0,43.0,0.0,incumbent_plus_two_candidate_inference,True,0.001786262333309836,1.0,1.0124228365658292,1.0,0.0018084527783402407,Maine,ME
us-202pan5a9b4cde,us-senator,2026 Maine,,Pan Atlantic SMS Group,2025-11-29,2025-12-07,2026-04-16,820.0,lv,[],False,,https://hs-21701012.f.hubspotstarter.net/hubfs/21701012/67th%20Omnibus%20Poll%20December%202025.pdf?utm_medium=email&_hsenc=p2ANqtz-_qWyGL4keanJ5LSdiKL6c5WZV-1bzCKylYwKxtbhhKyeZjebUL8XLBb0fyCN-GbIYvmJH9vOeAAN3J59WkcFJnVG8viQ&_hsmi=393840029&utm_content=393840029&utm_source=hs_email,43.0,42.0,1.0,incumbent_plus_two_candidate_inference,True,0.001786262333309836,1.0,1.0124228365658292,1.0,0.0018084527783402407,Maine,ME
us-202cyn79bb9aaf,us-senator,2026 Maine,,Cyngal,2025-11-10,2025-11-11,2026-04-16,600.0,lv,"[""Plymouth Union Public Advocacy""]",False,,https://pup-advocacy.com/wp-content/uploads/2025/11/ME-HC-Tax-Credit-Poll-Memo-3.pdf,49.0,41.0,8.0,party_metadata_or_registry,True,0.0009796085737309188,1.0,0.8660254037844386,1.0,0.000848365910616017,Maine,ME
us-202maic1315c13,us-senator,2026 Maine,,Maine People's Resource Center,2025-10-26,2025-10-29,2026-04-16,783.0,rv,[],False,,https://mainepeoplesalliance.org/poll-majority-of-voters-disapprove-of-collins-on-shutdown/,45.0,41.0,4.0,incumbent_plus_two_candidate_inference,True,0.000725447930375898,0.88,0.9893179468704689,1.0,0.0006315748181960046,Maine,ME
us-202mai234492e4,us-senator,2026 Maine,,Maine People's Resource Center,2025-10-26,2025-10-29,2026-04-16,783.0,rv,[],False,,https://mainepeoplesalliance.org/poll-majority-of-voters-disapprove-of-collins-on-shutdown/,42.0,46.0,-4.0,incumbent_plus_two_candidate_inference,True,0.000725447930375898,0.88,0.9893179468704689,1.0,0.0006315748181960046,Maine,ME
us-202zen3e7d2e5c,us-senator,2026 Maine,,Zenith Research,2025-10-07,2025-10-10,2026-04-16,501.0,lv,"[""More Perfect Union""]",False,,https://perfectunion.us/wp-content/uploads/2025/10/More-Perfect-Union_-Maine-Senate-General-Election-Benchmark-Poll.pdf,42.0,37.0,5.0,incumbent_plus_two_candidate_inference,True,0.00046768551087281255,1.0,0.7913595895672206,1.0,0.00037010741393084484,Maine,ME
us-202zena6743f9d,us-senator,2026 Maine,,Zenith Research,2025-10-07,2025-10-10,2026-04-16,501.0,lv,"[""More Perfect Union""]",False,,https://perfectunion.us/wp-content/uploads/2025/10/More-Perfect-Union_-Maine-Senate-General-Election-Benchmark-Poll.pdf,38.0,38.0,0.0,incumbent_plus_two_candidate_inference,True,0.00046768551087281255,1.0,0.7913595895672206,1.0,0.00037010741393084484,Maine,ME
us-202higf04011a1,us-senator,2026 North Carolina,,High Point University Survey Research Center/YouGov,2026-03-26,2026-04-06,2026-04-16,703.0,lv,[],False,,https://www.highpoint.edu/src/files/2023/08/HPU-Poll-120-Memo-1.pdf,,,,unmapped_party,False,0.028580197332957358,1.0,0.9374166629626337,1.0,0.0,North Carolina,NC
us-202hig7de64e7d,us-senator,2026 North Carolina,,High Point University Survey Research Center/YouGov,2026-03-26,2026-04-06,2026-04-16,800.0,rv,[],False,,https://www.highpoint.edu/src/files/2023/08/HPU-Poll-120-Memo-1.pdf,,,,unmapped_party,False,0.028580197332957358,0.88,1.0,1.0,0.0,North Carolina,NC
us-202gbab93d5de3,us-senator,2026 Iowa,,GBAO,2026-03-10,2026-03-16,2026-04-21,1200.0,lv,"[""ModSquad""]",False,DEM,https://www.politico.com/f/?id=0000019d-8400-d182-a9fd-b63c76ae0000,,,,unmapped_party,False,0.017593175139382862,1.0,1.224744871391589,1.0,0.0,Iowa,IA
us-202gba62b36025,us-senator,2026 Iowa,,GBAO,2026-03-10,2026-03-16,2026-04-21,1200.0,lv,"[""ModSquad""]",False,DEM,https://www.politico.com/f/?id=0000019d-8400-d182-a9fd-b63c76ae0000,,,,unmapped_party,False,0.017593175139382862,1.0,1.224744871391589,1.0,0.0,Iowa,IA
us-202cha781abe34,us-senator,2026 Iowa,,Change Research,2026-01-08,2026-01-11,2026-04-21,1108.0,lv,[],False,,https://x.com/Bencjacobs/status/2020894441196663099,,,,unmapped_party,False,0.004010023354929675,1.0,1.176860229593982,1.0,0.0,Iowa,IA
us-202cha683eb5ac,us-senator,2026 Iowa,,Change Research,2026-01-08,2026-01-11,2026-04-21,1108.0,lv,[],False,,https://x.com/Bencjacobs/status/2020894441196663099,,,,unmapped_party,False,0.004010023354929675,1.0,1.176860229593982,1.0,0.0,Iowa,IA
us-202imp28c38a71,us-senator,2026 Mississippi,,Impact Research,2026-04-08,2026-04-12,2026-04-21,500.0,lv,"[""SPLC Action Fund""]",False,DEM,https://www.splcactionfund.org/wp-content/uploads/sites/2/2026/04/2026-04-IMPACT-Baseline-MS-Statewide-Senate-GE-Bench-Apr-2026.pdf,44.0,47.0,-3.0,incumbent_plus_two_candidate_inference,True,0.03283002566185875,1.0,0.7905694150420949,1.0,0.025954414183312634,Mississippi,MS
us-202bow8a765810,us-senator,2026 Ohio,,Bowling Green State University/YouGov,2026-04-07,2026-04-14,2026-04-21,1000.0,rv,[],False,,https://scholarworks.bgsu.edu/cgi/viewcontent.cgi?article=1021&context=depo,47.0,50.0,-3.0,incumbent_plus_two_candidate_inference,True,0.034382692927715036,0.88,1.118033988749895,1.0,0.03382809699978372,Ohio,OH
us-202eche7c2869f,us-senator,2026 Iowa,,Echelon Insights,2026-04-03,2026-04-09,2026-04-21,377.0,lv,"[""NetChoice""]",False,,https://netchoice.org/wp-content/uploads/2026/04/NetChoice-Apr-2026-National-Antitrust-Survey-Topline.pdf,,,,unmapped_party,False,0.03063149705551423,1.0,0.686476510887299,1.0,0.0,Iowa,IA
us-202echf4929c57,us-senator,2026 Iowa,,Echelon Insights,2026-04-03,2026-04-09,2026-04-21,377.0,lv,"[""NetChoice""]",False,,https://netchoice.org/wp-content/uploads/2026/04/NetChoice-Apr-2026-National-Antitrust-Survey-Topline.pdf,,,,unmapped_party,False,0.03063149705551423,1.0,0.686476510887299,1.0,0.0,Iowa,IA
us-202ech1a9afcfb,us-senator,2026 Georgia,,Echelon Insights,2026-04-03,2026-04-09,2026-04-21,407.0,lv,"[""NetChoice""]",False,,https://netchoice.org/wp-content/uploads/2026/04/NetChoice-Apr-2026-National-Antitrust-Survey-Topline.pdf,51.0,44.0,7.0,incumbent_plus_two_candidate_inference,True,0.03063149705551423,1.0,0.7132671308843553,1.0,0.021848440019479214,Georgia,GA
us-202ech80c320f6,us-senator,2026 Georgia,,Echelon Insights,2026-04-03,2026-04-09,2026-04-21,407.0,lv,"[""NetChoice""]",False,,https://netchoice.org/wp-content/uploads/2026/04/NetChoice-Apr-2026-National-Antitrust-Survey-Topline.pdf,52.0,43.0,9.0,incumbent_plus_two_candidate_inference,True,0.03063149705551423,1.0,0.7132671308843553,1.0,0.021848440019479214,Georgia,GA
us-202ech2b342f18,us-senator,2026 Florida,,Echelon Insights,2026-04-03,2026-04-09,2026-04-21,406.0,lv,"[""NetChoice""]",False,,https://netchoice.org/wp-content/uploads/2026/04/NetChoice-Apr-2026-National-Antitrust-Survey-Topline.pdf,43.0,50.0,-7.0,incumbent_plus_two_candidate_inference,True,0.03063149705551423,1.0,0.7123903424387503,1.0,0.021821582676789353,Florida,FL
us-202ech472cd4f1,us-senator,2026 Maine,,Echelon Insights,2026-04-03,2026-04-09,2026-04-21,378.0,lv,"[""NetChoice""]",False,,https://netchoice.org/wp-content/uploads/2026/04/NetChoice-Apr-2026-National-Antitrust-Survey-Topline.pdf,51.0,45.0,6.0,incumbent_plus_two_candidate_inference,True,0.03063149705551423,1.0,0.687386354243376,1.0,0.021055673086006633,Maine,ME
us-202ech9490021c,us-senator,2026 Maine,,Echelon Insights,2026-04-03,2026-04-09,2026-04-21,378.0,lv,"[""NetChoice""]",False,,https://netchoice.org/wp-content/uploads/2026/04/NetChoice-Apr-2026-National-Antitrust-Survey-Topline.pdf,48.0,46.0,2.0,incumbent_plus_two_candidate_inference,True,0.03063149705551423,1.0,0.687386354243376,1.0,0.021055673086006633,Maine,ME
us-202echefadd030,us-senator,2026 Ohio,,Echelon Insights,2026-04-03,2026-04-09,2026-04-21,,,"[""NetChoice""]",False,,https://netchoice.org/wp-content/uploads/2026/04/NetChoice-Apr-2026-National-Antitrust-Survey-Topline.pdf,45.0,51.0,-6.0,incumbent_plus_two_candidate_inference,True,0.03063149705551423,0.78,0.8,1.0,0.01911405416264088,Ohio,OH
us-202alabcabdd28,us-senator,2026 Alaska,,Alaska Survey Research,2026-04-16,2026-04-19,2026-04-23,1946.0,lv,[],False,,https://bsky.app/profile/alaskasurvey.bsky.social/post/3mk6ej2v5yv27,52.0,48.0,4.0,incumbent_plus_two_candidate_inference,True,0.038593267930035195,1.0,1.45,1.0,0.05596023849855103,Alaska,AK
us-202ste008437cf,us-senator,2026 Florida,,Stetson University,2026-03-25,2026-04-13,2026-04-27,848.0,lv,[],False,,https://t.co/dtCsadTWtf,42.0,49.0,-7.0,incumbent_plus_two_candidate_inference,True,0.03359739113593038,1.0,1.0295630140987,1.0,0.03459063128376143,Florida,FL
us-202ste198f7a4a,us-senator,2026 Florida,,Stetson University,2026-03-25,2026-04-13,2026-04-27,848.0,lv,[],False,,https://t.co/dtCsadTWtf,38.0,51.0,-13.0,incumbent_plus_two_candidate_inference,True,0.03359739113593038,1.0,1.0295630140987,1.0,0.03459063128376143,Florida,FL
us-202unie89cc6b4,us-senator,2026 Texas,,University of Texas at Tyler,2025-09-17,2025-09-24,2026-04-28,1032.0,rv,[],False,,https://www.uttyler.edu/academics/colleges-schools/arts-sciences/departments/political-science/files/topline-report-of-texas-voters-revised-september-2025.pdf,,,,unmapped_party,False,0.00032315031562472457,0.88,1.1357816691600546,1.0,0.0,Texas,TX
us-202uni8225dcc0,us-senator,2026 Texas,,University of Houston/Texas Southern University,2025-09-19,2025-10-01,2026-04-28,1650.0,rv,[],False,,https://www.documentcloud.org/documents/26183203-election2026/,,,,unmapped_party,False,0.00037987867694753253,0.88,1.4361406616345072,1.0,0.0,Texas,TX
us-202rag0c28bfd3,us-senator,2026 Texas,,Ragnar Research Partners,2025-11-12,2025-11-17,2026-04-28,1000.0,lv,[],False,REP,https://www.politico.com/f/?id=0000019a-9d57-df0f-abfa-fd7fac900000,,,,unmapped_party,False,0.0011252747571856977,1.0,1.118033988749895,1.0,0.0,Texas,TX
us-202uni0dc518c7,us-senator,2026 Texas,,University of Houston/YouGov,2026-01-20,2026-01-31,2026-04-28,1502.0,lv,[],False,,https://www.uh.edu/hobby/primary2026/senate.pdf,,,,unmapped_party,False,0.006365515292032416,1.0,1.3702189606044721,1.0,0.0,Texas,TX
us-202pub7e233927,us-senator,2026 Texas,,Public Policy Polling,2026-03-04,2026-03-05,2026-04-28,576.0,a,"[""Senate Majority PAC""]",False,DEM,https://punchbowl.news/article/campaigns/paxton-cornyn-poll/,,,,unmapped_party,False,0.0136447807307386,0.68,0.848528137423857,1.0,0.0,Texas,TX
us-202imp50137db2,us-senator,2026 Texas,,Impact Research,2026-03-12,2026-03-17,2026-04-28,900.0,lv,"[""James Talarico""]",False,,https://www.politico.com/live-updates/2026/03/20/congress/texas-senate-talarico-cornyn-paxton-poll-00837336,,,,unmapped_party,False,0.01800439611497114,1.0,1.0606601717798212,1.0,0.0,Texas,TX
us-202texe500a6d5,us-senator,2026 Texas,,Texas Public Opinion Research,2026-04-17,2026-04-20,2026-04-28,1018.0,lv,[],False,,https://www.texastribune.org/wp-content/uploads/2026/04/TPOR-April-2026-TXSEN-poll.pdf,,,,unmapped_party,False,0.039495342806434436,1.0,1.1280514172678477,1.0,0.0,Texas,TX
us-202unidb95df99,us-senator,2026 Texas,,University of Texas at Tyler,2025-09-17,2025-09-24,2026-04-28,1032.0,rv,[],False,,https://www.uttyler.edu/academics/colleges-schools/arts-sciences/departments/political-science/files/topline-report-of-texas-voters-revised-september-2025.pdf,35.0,41.0,-6.0,incumbent_plus_two_candidate_inference,True,0.00032315031562472457,0.88,1.1357816691600546,1.0,0.00032298482028546635,Texas,TX
us-202uni731e2279,us-senator,2026 Texas,,University of Houston/Texas Southern University,2025-09-19,2025-10-01,2026-04-28,1650.0,rv,[],False,,https://www.documentcloud.org/documents/26183203-election2026/,45.0,48.0,-3.0,incumbent_plus_two_candidate_inference,True,0.00037987867694753253,0.88,1.4361406616345072,1.0,0.00048009210871799814,Texas,TX
us-202rag8552bbbc,us-senator,2026 Texas,,Ragnar Research Partners,2025-11-12,2025-11-17,2026-04-28,1000.0,lv,[],False,REP,https://www.politico.com/f/?id=0000019a-9d57-df0f-abfa-fd7fac900000,40.0,46.0,-6.0,incumbent_plus_two_candidate_inference,True,0.0011252747571856977,1.0,1.118033988749895,1.0,0.0012580954252158951,Texas,TX
us-202emeef7cbc1d,us-senator,2026 Texas,,Emerson College,2026-01-10,2026-01-12,2026-04-28,1165.0,rv,[],False,,https://docs.google.com/spreadsheets/d/15YGRzDC0lKpxKWzRswm-jVakVutZLJc7/edit?usp=sharing&ouid=111479937799022047482&rtpof=true&sd=true,,,,unmapped_party,False,0.004103753207732346,0.88,1.2067518386147171,1.0,0.0,Texas,TX
us-202eme9b9f44a5,us-senator,2026 Texas,,Emerson College,2026-01-10,2026-01-12,2026-04-28,1165.0,rv,[],False,,https://docs.google.com/spreadsheets/d/15YGRzDC0lKpxKWzRswm-jVakVutZLJc7/edit?usp=sharing&ouid=111479937799022047482&rtpof=true&sd=true,44.1,46.9,-2.799999999999997,incumbent_plus_two_candidate_inference,True,0.004103753207732346,0.88,1.2067518386147171,1.0,0.004357946321213805,Texas,TX
us-202uni5040ddd3,us-senator,2026 Texas,,University of Houston/YouGov,2026-01-20,2026-01-31,2026-04-28,1502.0,lv,[],False,,https://www.uh.edu/hobby/primary2026/senate.pdf,43.0,44.0,-1.0,incumbent_plus_two_candidate_inference,True,0.006365515292032416,1.0,1.3702189606044721,1.0,0.00872214974716053,Texas,TX
us-202pubaf44626b,us-senator,2026 Texas,,Public Policy Polling,2026-03-04,2026-03-05,2026-04-28,576.0,a,"[""Senate Majority PAC""]",False,DEM,https://punchbowl.news/article/campaigns/paxton-cornyn-poll/,44.0,43.0,1.0,incumbent_plus_two_candidate_inference,True,0.0136447807307386,0.68,0.848528137423857,1.0,0.007873026657727182,Texas,TX
us-202texaca3925a,us-senator,2026 Texas,,Texas Public Opinion Research,2026-04-17,2026-04-20,2026-04-28,1018.0,lv,[],False,,https://www.texastribune.org/wp-content/uploads/2026/04/TPOR-April-2026-TXSEN-poll.pdf,44.0,41.0,3.0,incumbent_plus_two_candidate_inference,True,0.039495342806434436,1.0,1.1280514172678477,1.0,0.04455277742827786,Texas,TX
us-202opi5a64ca39,us-senator,2026 North Carolina,,Opinion Diagnostics,2026-04-21,2026-04-24,2026-04-30,830.0,lv,[],False,REP,https://x.com/iapolls2022/status/2049576363175096384?s=46,,,,unmapped_party,False,0.04331947857169975,1.0,1.0185774393731681,1.0,0.0,North Carolina,NC
us-202you9dee520f,us-senator,2026 Texas,,YouGov,2026-04-10,2026-04-20,2026-04-30,1200.0,rv,"[""University of Texas""]",False,,https://texaspolitics.utexas.edu/blog/april-polling-war-and-surging-gas-prices-fuel-another-negative-turn-in-texans-views-of-the-economy-2,,,,unmapped_party,False,0.039495342806434436,0.88,1.224744871391589,1.0,0.0,Texas,TX
us-202you0dcc69cb,us-senator,2026 Texas,,YouGov,2026-04-10,2026-04-12,2026-04-30,1200.0,rv,"[""University of Texas""]",False,,https://texaspolitics.utexas.edu/blog/april-polling-war-and-surging-gas-prices-fuel-another-negative-turn-in-texans-views-of-the-economy-2,40.0,33.0,7.0,incumbent_plus_two_candidate_inference,True,0.03283002566185875,0.88,1.224744871391589,1.0,0.03538339689017387,Texas,TX
us-202tav22537272,us-senator,2026 Kansas,,Tavern Research,2026-01-26,2026-01-28,2026-05-01,1013.0,lv,[],False,,https://sunflowerstatejournal.com/wp-content/uploads/2026/04/Toplines-KS-surv-20260125_195205.pdf,46.0,54.0,-8.0,incumbent_plus_two_candidate_inference,True,0.005939235775598301,1.0,1.12527774349269,1.0,0.006683289831636312,Kansas,KS
us-202alabbd6655e,us-senator,2026 Alaska,,Alaska Survey Research,2026-04-16,2026-04-19,2026-05-03,,lv,[],False,,https://x.com/polltracker2024/status/2050660840278229202,50.8,47.3,3.5,incumbent_plus_two_candidate_inference,True,0.038593267930035195,1.0,0.8,1.0,0.03087461434402816,Alaska,AK
us-202harb00382e0,us-senator,2026 North Carolina,,Harper Polling,2026-05-10,2026-05-11,2026-05-15,600.0,lv,"[""Carolina Journal""]",False,,https://www.carolinajournal.com/wp-content/uploads/2026/05/H23893-CJ-NC-May26-Toplines-Revised.pdf,,,,unmapped_party,False,0.06416037367887478,1.0,0.8660254037844386,1.0,0.0,North Carolina,NC
us-202texc28cf835,us-senator,2026 Texas,,Texas Southern University Barbara Jordan Public Policy Research and Survey Center,2026-04-22,2026-05-06,2026-05-18,1223.0,lv,[],False,,https://drive.google.com/file/d/1_iPARgG4ScAjPXaqXfHse9R9hnvGS6If/view,,,,unmapped_party,False,0.057160394665914716,1.0,1.2364263018878239,1.0,0.0,Texas,TX
us-202checa283b6c,us-senator,2026 Florida,,Cherry Communications,2026-05-01,2026-05-09,2026-05-18,604.0,lv,"[""Florida Chamber of Commerce""]",False,REP,https://www.flchamber.com/new-florida-chamber-statewide-poll-shows-ashley-moody-byron-donalds-leading-potential-democratic-opponents-in-november-ballot-test,40.0,48.0,-8.0,incumbent_plus_two_candidate_inference,True,0.06126299411102846,1.0,0.8689073598491384,1.0,0.05323186646946705,Florida,FL
us-202chab31a8a6e,us-senator,2026 North Carolina,,Change Research,2026-05-04,2026-05-08,2026-05-18,957.0,lv,"[""Carolina Forward""]",False,DEM,https://carolinaforward.org/blog/the-may-2026-carolina-forward-poll,,,,unmapped_party,False,0.05986374539171997,1.0,1.093732142711368,1.0,0.0,North Carolina,NC
us-202chae3c0b874,us-senator,2026 Florida,,Change Research,2026-05-13,2026-05-16,2026-05-18,2070.0,lv,"[""Freedom Project USA""]",False,,https://changeresearch.com/florida-governors-race-may-2026/,47.0,45.0,2.0,incumbent_plus_two_candidate_inference,True,0.07201758445988458,1.0,1.45,1.0,0.10442549746683265,Florida,FL
us-202tav507e89fe,us-senator,2026 Montana,,Tavern Research,2026-05-13,2026-05-18,2026-05-19,607.0,lv,"[""Contours Inc.""]",False,,https://242750075.fs1.hubspotusercontent-na2.net/hubfs/242750075/MT%20Senate%20Toplines%20-%20Contours%20-%20Tavern.pdf,,,,unmapped_party,False,0.07542359294457521,1.0,0.8710625695092173,1.0,0.0,Montana,MT
us-202tav2313c4bf,us-senator,2026 Montana,,Tavern Research,2026-05-13,2026-05-18,2026-05-19,607.0,lv,"[""Contours Inc.""]",False,,https://242750075.fs1.hubspotusercontent-na2.net/hubfs/242750075/MT%20Senate%20Toplines%20-%20Contours%20-%20Tavern.pdf,,,,unmapped_party,False,0.07542359294457521,1.0,0.8710625695092173,1.0,0.0,Montana,MT
us-202tav65f6005d,us-senator,2026 Montana,,Tavern Research,2026-05-13,2026-05-18,2026-05-19,607.0,lv,"[""Contours Inc.""]",False,,https://242750075.fs1.hubspotusercontent-na2.net/hubfs/242750075/MT%20Senate%20Toplines%20-%20Contours%20-%20Tavern.pdf,,,,unmapped_party,False,0.07542359294457521,1.0,0.8710625695092173,1.0,0.0,Montana,MT
us-202pan29dbf8a8,us-senator,2026 Maine,,Pan Atlantic SMS Group,2026-05-08,2026-05-18,2026-05-20,827.0,lv,[],False,,https://drive.google.com/viewerng/viewer?url=https://21701012.fs1.hubspotusercontent-na1.net/hubfs/21701012/20260520%252069th%2520PAR%2520Omnibus%2520Poll%2520May%25202026.pdf,48.0,41.0,7.0,incumbent_plus_two_candidate_inference,True,0.07542359294457521,1.0,1.0167349703831376,1.0,0.0766858045386925,Maine,ME
us-202mit9a5c32a0,us-senator,2026 Michigan,,Mitchell Research & Communications,2026-05-01,2026-05-07,2026-05-20,607.0,lv,"[""MIRS""]",False,,https://www.dropbox.com/scl/fi/852uovvc2zfsqrnphdn9q/MIRS-MITCHELL-DEM-Primary-Press-Release-5-11-26-150PM_A.docx?rlkey=v522wmle6zvzlajt6m6nfoj78&st=zhm55ihc&dl=0,,,,unmapped_party,False,0.05849645555732883,1.0,0.8710625695092173,1.0,0.0,Michigan,MI
us-202mitf3d55a81,us-senator,2026 Michigan,,Mitchell Research & Communications,2026-05-01,2026-05-07,2026-05-20,606.0,lv,"[""MIRS""]",False,,https://www.dropbox.com/scl/fi/852uovvc2zfsqrnphdn9q/MIRS-MITCHELL-DEM-Primary-Press-Release-5-11-26-150PM_A.docx?rlkey=v522wmle6zvzlajt6m6nfoj78&st=zhm55ihc&dl=0,,,,unmapped_party,False,0.05849645555732883,1.0,0.8703447592764605,1.0,0.0,Michigan,MI
us-202mit39173145,us-senator,2026 Michigan,,Mitchell Research & Communications,2026-05-01,2026-05-07,2026-05-20,606.0,lv,"[""MIRS""]",False,,https://www.dropbox.com/scl/fi/852uovvc2zfsqrnphdn9q/MIRS-MITCHELL-DEM-Primary-Press-Release-5-11-26-150PM_A.docx?rlkey=v522wmle6zvzlajt6m6nfoj78&st=zhm55ihc&dl=0,,,,unmapped_party,False,0.05849645555732883,1.0,0.8703447592764605,1.0,0.0,Michigan,MI
us-202gle0133b0b3,us-senator,2026 Michigan,,"Glengariff Group, Inc.",2026-04-28,2026-05-01,2026-05-20,600.0,lv,"[""Detroit Regional Chamber""]",False,,https://www.detroitchamber.com/wp-content/uploads/2026/05/DRC_Glengariff-Group_2026-Mackinac-Policy-Conference_POLITICAL-REPORT.pdf,,,,unmapped_party,False,0.05092412233625929,1.0,0.8660254037844386,1.0,0.0,Michigan,MI
us-202gleeeb6be84,us-senator,2026 Michigan,,"Glengariff Group, Inc.",2026-04-28,2026-05-01,2026-05-20,600.0,lv,"[""Detroit Regional Chamber""]",False,,https://www.detroitchamber.com/wp-content/uploads/2026/05/DRC_Glengariff-Group_2026-Mackinac-Policy-Conference_POLITICAL-REPORT.pdf,,,,unmapped_party,False,0.05092412233625929,1.0,0.8660254037844386,1.0,0.0,Michigan,MI
us-202gle2939b758,us-senator,2026 Michigan,,"Glengariff Group, Inc.",2026-04-28,2026-05-01,2026-05-20,600.0,lv,"[""Detroit Regional Chamber""]",False,,https://www.detroitchamber.com/wp-content/uploads/2026/05/DRC_Glengariff-Group_2026-Mackinac-Policy-Conference_POLITICAL-REPORT.pdf,,,,unmapped_party,False,0.05092412233625929,1.0,0.8660254037844386,1.0,0.0,Michigan,MI
us-202emeb507fcbb,us-senator,2026 Michigan,,Emerson College,2026-01-24,2026-01-25,2026-05-20,1000.0,lv,"[""Nexstar""]",False,,https://docs.google.com/spreadsheets/d/1AtLJcs2z9R_NRY7eZqvKS256qHiVSUx0/edit?usp=sharing&ouid=111479937799022047482&rtpof=true&sd=true,,,,unmapped_party,False,0.005541502923148911,1.0,1.118033988749895,1.0,0.0,Michigan,MI
us-202emee754e4c5,us-senator,2026 Michigan,,Emerson College,2026-01-24,2026-01-25,2026-05-20,1000.0,lv,"[""Nexstar""]",False,,https://docs.google.com/spreadsheets/d/1AtLJcs2z9R_NRY7eZqvKS256qHiVSUx0/edit?usp=sharing&ouid=111479937799022047482&rtpof=true&sd=true,,,,unmapped_party,False,0.005541502923148911,1.0,1.118033988749895,1.0,0.0,Michigan,MI
us-202eme5bdd236b,us-senator,2026 Michigan,,Emerson College,2026-01-24,2026-01-25,2026-05-20,1000.0,lv,"[""Nexstar""]",False,,https://docs.google.com/spreadsheets/d/1AtLJcs2z9R_NRY7eZqvKS256qHiVSUx0/edit?usp=sharing&ouid=111479937799022047482&rtpof=true&sd=true,,,,unmapped_party,False,0.005541502923148911,1.0,1.118033988749895,1.0,0.0,Michigan,MI
us-202glef7ac134b,us-senator,2026 Michigan,,"Glengariff Group, Inc.",2026-01-02,2026-01-06,2026-05-20,600.0,lv,"[""Detroit News"", ""WDIV-TV""]",False,,https://www.detroitnews.com/story/news/politics/2026/01/13/michigan-race-for-governor-polling-john-james-jocelyn-benson-mike-duggan/88134923007/?gnt-cfr=1&gca-cat=p&gca-uir=false&gca-epti=undefined&gca-ft=0&gca-ds=sophi,,,,unmapped_party,False,0.003572524666619672,1.0,0.8660254037844386,1.0,0.0,Michigan,MI
us-202glec0316553,us-senator,2026 Michigan,,"Glengariff Group, Inc.",2026-01-02,2026-01-06,2026-05-20,600.0,lv,"[""Detroit News"", ""WDIV-TV""]",False,,https://www.detroitnews.com/story/news/politics/2026/01/13/michigan-race-for-governor-polling-john-james-jocelyn-benson-mike-duggan/88134923007/?gnt-cfr=1&gca-cat=p&gca-uir=true&gca-epti=z11xx55p119750n11----c11----e1173xxv11xx55d--xx--b--xx--&gca-ft=8&gca-ds=sophi,,,,unmapped_party,False,0.003572524666619672,1.0,0.8660254037844386,1.0,0.0,Michigan,MI
us-202gle322439ae,us-senator,2026 Michigan,,"Glengariff Group, Inc.",2026-01-02,2026-01-06,2026-05-20,600.0,lv,"[""Detroit News"", ""WDIV-TV""]",False,,https://www.detroitnews.com/story/news/politics/2026/01/13/michigan-race-for-governor-polling-john-james-jocelyn-benson-mike-duggan/88134923007/?gnt-cfr=1&gca-cat=p&gca-uir=true&gca-epti=z11xx55p119750n11----c11----e1173xxv11xx55d--xx--b--xx--&gca-ft=8&gca-ds=sophi,,,,unmapped_party,False,0.003572524666619672,1.0,0.8660254037844386,1.0,0.0,Michigan,MI
us-202mit61ba1fad,us-senator,2026 Michigan,,Mitchell Research & Communications,2025-11-18,2025-11-21,2026-05-20,616.0,lv,"[""MIRS News Service""]",False,,https://mirs-polls.s3.us-east-2.amazonaws.com/c7ba70f28c3812c553cbf07db509f469.pdf,,,,unmapped_party,False,0.0012342294627010776,1.0,0.8774964387392122,1.0,0.0,Michigan,MI
us-202mit87b44bfc,us-senator,2026 Michigan,,Mitchell Research & Communications,2025-11-18,2025-11-21,2026-05-20,616.0,lv,"[""MIRS News Service""]",False,,https://mirs-polls.s3.us-east-2.amazonaws.com/c7ba70f28c3812c553cbf07db509f469.pdf,,,,unmapped_party,False,0.0012342294627010776,1.0,0.8774964387392122,1.0,0.0,Michigan,MI
us-202mit590c99af,us-senator,2026 Michigan,,Mitchell Research & Communications,2025-11-18,2025-11-21,2026-05-20,616.0,lv,"[""MIRS News Service""]",False,,https://mirs-polls.s3.us-east-2.amazonaws.com/c7ba70f28c3812c553cbf07db509f469.pdf,,,,unmapped_party,False,0.0012342294627010776,1.0,0.8774964387392122,1.0,0.0,Michigan,MI
us-202epid9595901,us-senator,2026 Michigan,,EPIC-MRA,2025-11-06,2025-11-11,2026-05-20,600.0,lv,"[""ABC 12""]",False,,https://www.abc12.com/news/politics/exclusive-poll-shows-tight-races-for-michigan-governor-senate-races/article_7b0cec7f-87c6-4084-9b07-0f393f2a0816.html,,,,unmapped_party,False,0.0009796085737309188,1.0,0.8660254037844386,1.0,0.0,Michigan,MI
us-202epi46ef28e5,us-senator,2026 Michigan,,EPIC-MRA,2025-11-06,2025-11-11,2026-05-20,600.0,lv,"[""ABC 12""]",False,,https://www.abc12.com/news/politics/exclusive-poll-shows-tight-races-for-michigan-governor-senate-races/article_7b0cec7f-87c6-4084-9b07-0f393f2a0816.html,,,,unmapped_party,False,0.0009796085737309188,1.0,0.8660254037844386,1.0,0.0,Michigan,MI
us-202ros2c880fd3,us-senator,2026 Michigan,,Rosetta Stone,2025-10-23,2025-10-25,2026-05-20,637.0,lv,[],False,,https://x.com/IAPolls2022/status/1986533537747472500,,,,unmapped_party,False,0.0006614071924017211,1.0,0.8923284148787374,1.0,0.0,Michigan,MI
us-202ros410812c7,us-senator,2026 Michigan,,Rosetta Stone,2025-10-23,2025-10-25,2026-05-20,637.0,lv,[],False,,https://x.com/IAPolls2022/status/1986533537747472500,,,,unmapped_party,False,0.0006614071924017211,1.0,0.8923284148787374,1.0,0.0,Michigan,MI
us-202ros8e5ec4d9,us-senator,2026 Michigan,,Rosetta Stone,2025-10-23,2025-10-25,2026-05-20,637.0,lv,[],False,,https://x.com/IAPolls2022/status/1986533537747472500,,,,unmapped_party,False,0.0006614071924017211,1.0,0.8923284148787374,1.0,0.0,Michigan,MI
us-202nor7a88e643,us-senator,2026 Michigan,,"Normington, Petts & Associates",2025-06-12,2025-06-16,2026-05-20,700.0,lv,"[""Yes Michigan""]",False,,https://www.politico.com/f/?id=00000197-e30f-da98-a3b7-fb0fd50f0000,,,,unmapped_party,False,3.206057193540895e-05,1.0,0.9354143466934853,1.0,0.0,Michigan,MI
us-202norbd336de9,us-senator,2026 Michigan,,"Normington, Petts & Associates",2025-06-12,2025-06-16,2026-05-20,700.0,lv,"[""Yes Michigan""]",False,,https://www.politico.com/f/?id=00000197-e30f-da98-a3b7-fb0fd50f0000,,,,unmapped_party,False,3.206057193540895e-05,1.0,0.9354143466934853,1.0,0.0,Michigan,MI
us-202gleb42f5fae,us-senator,2026 Michigan,,"Glengariff Group, Inc.",2025-05-05,2025-05-08,2026-05-20,600.0,rv,"[""Detroit Regional Chamber""]",False,,https://www.detroitchamber.com/wp-content/uploads/2025/05/Detroit-Regional-Chamber_Glengariff-Group_May-2025-Political-Survey-Report.pdf,,,,unmapped_party,False,1.3020638191543707e-05,0.88,0.8660254037844386,1.0,0.0,Michigan,MI
us-202glec19f2301,us-senator,2026 Michigan,,"Glengariff Group, Inc.",2025-05-05,2025-05-08,2026-05-20,600.0,rv,"[""Detroit Regional Chamber""]",False,,https://www.detroitchamber.com/wp-content/uploads/2025/05/Detroit-Regional-Chamber_Glengariff-Group_May-2025-Political-Survey-Report.pdf,,,,unmapped_party,False,1.3020638191543707e-05,0.88,0.8660254037844386,1.0,0.0,Michigan,MI
us-202gledaa7038f,us-senator,2026 Michigan,,"Glengariff Group, Inc.",2025-05-05,2025-05-08,2026-05-20,600.0,rv,"[""Detroit Regional Chamber""]",False,,https://www.detroitchamber.com/wp-content/uploads/2025/05/Detroit-Regional-Chamber_Glengariff-Group_May-2025-Political-Survey-Report.pdf,,,,unmapped_party,False,1.3020638191543707e-05,0.88,0.8660254037844386,1.0,0.0,Michigan,MI
us-202tar417e15f3,us-senator,2026 Michigan,,Target Insyght,2025-03-03,2025-03-06,2026-05-20,600.0,rv,"[""MIRS News Service""]",False,,https://mirs-uploads.s3.us-east-2.amazonaws.com/1818-Freq%20Target%20Insyght%20Statewide%2003072025.pdf,,,,unmapped_party,False,3.037171250893597e-06,0.88,0.8660254037844386,1.0,0.0,Michigan,MI
us-202pub121c904c,us-senator,2026 Texas,,Public Policy Polling,2026-05-22,2026-05-23,2026-05-28,643.0,lv,"[""Lone Star Rising PAC""]",False,DEM,https://static.politico.com/c0/7c/2c2db3c14c74946fa393d9e485cc/texas-gen-results-ppp-5-26-1.pdf?nname=playbook&nid=0000014f-1646-d88f-a1cf-5f46b7bd0000&nrid=4f4d3aeb-621a-47b9-a66d-d9944fed5257,,,,unmapped_party,False,0.08466012062742027,1.0,0.8965210538520554,1.0,0.0,Texas,TX
us-202unia4c1a428,us-senator,2026 Maine,,University of New Hampshire Survey Center,2026-05-21,2026-05-25,2026-05-28,1280.0,lv,[],False,,https://scholars.unh.edu/cgi/viewcontent.cgi?article=1959&context=survey_center_polls,51.0,42.0,9.0,incumbent_plus_two_candidate_inference,True,0.08866404677038255,1.0,1.2649110640673518,1.0,0.11215213374484204,Maine,ME
us-202emec7074b5d,us-senator,2026 Minnesota,,Emerson College,2026-02-06,2026-02-08,2026-05-28,1000.0,lv,[],False,,https://docs.google.com/spreadsheets/d/1JA1bJWjrfS2kJbvUpGC8cGy7c0UiK7Qr/edit?usp=sharing&ouid=111479937799022047482&rtpof=true&sd=true,,,,unmapped_party,False,0.0076578742638785625,1.0,1.118033988749895,1.0,0.0,Minnesota,MN
us-202eme46470152,us-senator,2026 Minnesota,,Emerson College,2026-02-06,2026-02-08,2026-05-28,1000.0,lv,[],False,,https://docs.google.com/spreadsheets/d/1JA1bJWjrfS2kJbvUpGC8cGy7c0UiK7Qr/edit?usp=sharing&ouid=111479937799022047482&rtpof=true&sd=true,,,,unmapped_party,False,0.0076578742638785625,1.0,1.118033988749895,1.0,0.0,Minnesota,MN
us-202sur62cbc236,us-senator,2026 Massachusetts,,SurveyUSA,2025-02-28,2025-03-04,2026-05-28,775.0,rv,"[""MA Responsible Alliance""]",False,,https://www.surveyusa.com/client/PollReport.aspx?g=adc70fa6-00da-4a97-9b1a-7eb4844e0302,45.0,26.0,19.0,incumbent_plus_two_candidate_inference,True,2.900017468553849e-06,0.88,0.9842509842514764,1.0,2.511823642038129e-06,Massachusetts,MA
us-202suf91850a3d,us-senator,2026 Massachusetts,,Suffolk University,2025-11-19,2025-11-23,2026-05-28,500.0,rv,"[""Boston Globe""]",False,,https://www.suffolk.edu/academics/research-at-suffolk/political-research-center/polls/massachusetts#collapse-November-25-2025-Massachusetts-Statewide-Issues-with-The-Boston-Globe,54.0,31.0,23.0,incumbent_plus_two_candidate_inference,True,0.0012926012624988983,0.88,0.7905694150420949,1.0,0.000899264101099256,Massachusetts,MA
us-202sufcfbc9a05,us-senator,2026 Massachusetts,,Suffolk University,2025-11-19,2025-11-23,2026-05-28,500.0,rv,"[""Boston Globe""]",False,,https://www.suffolk.edu/academics/research-at-suffolk/political-research-center/polls/massachusetts#collapse-November-25-2025-Massachusetts-Statewide-Issues-with-The-Boston-Globe,,,,unmapped_party,False,0.0012926012624988983,0.88,0.7905694150420949,1.0,0.0,Massachusetts,MA
us-202uni06038789,us-senator,2026 Massachusetts,,University of New Hampshire,2026-02-12,2026-02-16,2026-05-28,616.0,lv,[],False,,https://scholars.unh.edu/survey_center_polls/931/,56.0,27.0,29.0,incumbent_plus_two_candidate_inference,True,0.009212614462614819,1.0,0.8774964387392122,1.0,0.008084036382421864,Massachusetts,MA
us-202unif8cfec03,us-senator,2026 Massachusetts,,University of New Hampshire,2026-02-12,2026-02-16,2026-05-28,611.0,lv,[],False,,https://scholars.unh.edu/survey_center_polls/931/,,,,unmapped_party,False,0.009212614462614819,1.0,0.8739279146474268,1.0,0.0,Massachusetts,MA
us-202unid95802f4,us-senator,2026 Massachusetts,,University of New Hampshire,2026-04-16,2026-04-20,2026-05-28,600.0,lv,[],False,,https://scholars.unh.edu/survey_center_polls/945/,,,,unmapped_party,False,0.039495342806434436,1.0,0.8660254037844386,1.0,0.0,Massachusetts,MA
us-202unide9784b7,us-senator,2026 Massachusetts,,University of New Hampshire,2026-04-16,2026-04-20,2026-05-28,603.0,lv,[],False,,https://scholars.unh.edu/survey_center_polls/945/,55.0,32.0,23.0,incumbent_plus_two_candidate_inference,True,0.039495342806434436,1.0,0.868187767709267,1.0,0.03428937350603057,Massachusetts,MA
us-202grae15a8aed,us-senator,2026 Arkansas,,GrayHouse,2026-02-07,2026-02-09,2026-05-28,550.0,lv,"[""America One Policies""]",False,REP,https://www.grayhouse.com/post/ar-senate,36.0,58.0,-22.0,incumbent_plus_two_candidate_inference,True,0.007836868589847341,1.0,0.82915619758885,1.0,0.006497988160961314,Arkansas,AR
us-202sli9f75fb57,us-senator,2026 Texas,,Slingshot Strategies,2026-05-27,2026-05-28,2026-05-29,1670.0,lv,"[""Texas Public Opinion Research""]",False,DEM,https://drive.google.com/file/d/1lCiaC7xw4VTmc2I4aHRZ-Pi3McLOwsrI/view,,,,unmapped_party,False,0.09502777240957276,1.0,1.4448183276799889,1.0,0.0,Texas,TX
us-202bea6ef5bd7d,us-senator,2026 Ohio,,Beacon Research/Shaw & Co. Research,2026-05-28,2026-06-01,2026-06-03,1015.0,rv,"[""Fox News""]",False,,https://static.foxnews.com/foxnews.com/content/uploads/2026/06/fox_may-28-june-1-2026_complete_ohio_topline_june-3-release.pdf,53.0,45.0,8.0,incumbent_plus_two_candidate_inference,True,0.10422883454355517,0.88,1.126388032606881,1.0,0.10331385845653243,Ohio,OH
us-202tip59dfdfa0,us-senator,2026 Michigan,,TIPP Insights,2026-05-20,2026-05-23,2026-06-01,1163.0,lv,"[""League of American Workers""]",False,REP,https://tippinsights.com/league-of-american-workers-survey-michigan,,,,unmapped_party,False,0.08466012062742027,1.0,1.2057155551787495,1.0,0.0,Michigan,MI
us-202tip6d4d41d9,us-senator,2026 Michigan,,TIPP Insights,2026-05-20,2026-05-23,2026-06-01,1456.0,rv,"[""League of American Workers""]",False,REP,https://tippinsights.com/league-of-american-workers-survey-michigan,,,,unmapped_party,False,0.08466012062742027,0.88,1.3490737563232043,1.0,0.0,Michigan,MI
us-202tip99de5023,us-senator,2026 Michigan,,TIPP Insights,2026-05-20,2026-05-23,2026-06-01,1163.0,lv,"[""League of American Workers""]",False,REP,https://tippinsights.com/league-of-american-workers-survey-michigan,,,,unmapped_party,False,0.08466012062742027,1.0,1.2057155551787495,1.0,0.0,Michigan,MI
us-202tip199bb9db,us-senator,2026 Michigan,,TIPP Insights,2026-05-20,2026-05-23,2026-06-01,1456.0,rv,"[""League of American Workers""]",False,REP,https://tippinsights.com/league-of-american-workers-survey-michigan,,,,unmapped_party,False,0.08466012062742027,0.88,1.3490737563232043,1.0,0.0,Michigan,MI
us-202tip3da9b019,us-senator,2026 Michigan,,TIPP Insights,2026-05-20,2026-05-23,2026-06-01,1163.0,lv,"[""League of American Workers""]",False,REP,https://tippinsights.com/league-of-american-workers-survey-michigan,,,,unmapped_party,False,0.08466012062742027,1.0,1.2057155551787495,1.0,0.0,Michigan,MI
us-202tip7ac4a21f,us-senator,2026 Michigan,,TIPP Insights,2026-05-20,2026-05-23,2026-06-01,1456.0,rv,"[""League of American Workers""]",False,REP,https://tippinsights.com/league-of-american-workers-survey-michigan,,,,unmapped_party,False,0.08466012062742027,0.88,1.3490737563232043,1.0,0.0,Michigan,MI
us-202qua6b878295,us-senator,2026 Texas,,Quantus Insights,2026-06-03,2026-06-04,2026-06-06,800.0,lv,[],False,,https://drive.google.com/file/d/1U-DMOuPcsD0P-B5F_m-rfw3Bv1yXSeS7/view?usp=sharing,,,,unmapped_party,False,0.11170969889486854,1.0,1.0,1.0,0.0,Texas,TX
us-202rec22b1c62b,us-senator,2026 Texas,,ReconMR/Siena University,2026-06-01,2026-06-04,2026-06-09,807.0,lv,"[""Texas A&M University Bush School of Government & Public Service""]",False,,https://reconmr.com/wp-content/uploads/2026/06/TXPLV-Crosstabs-1.pdf,,,,unmapped_party,False,0.11170969889486854,1.0,1.0043654713300334,1.0,0.0,Texas,TX
us-202thec9ff409a,us-senator,2026 Maine,,The Public Sentiment Institute,2026-06-08,2026-06-08,2026-06-09,497.0,lv,[],False,,https://tpsiofficial.substack.com/p/tpsi-maine-poll-shows-tight-general,43.0,44.0,-1.0,incumbent_plus_two_candidate_inference,True,0.12252598822205696,1.0,0.7881941385217223,1.0,0.09657426573320688,Maine,ME
us-202tav61219990,us-senator,2026 Maine,,Tavern Research,2026-06-05,2026-06-08,2026-06-09,1642.0,lv,[],False,,https://242750075.fs1.hubspotusercontent-na2.net/hubfs/242750075/Toplines%20-%20Online%20ME-Sen%20General%20-%20Tavern%20Research.pdf,51.0,49.0,2.0,incumbent_plus_two_candidate_inference,True,0.12252598822205696,1.0,1.4326548781894404,1.0,0.17553745473131183,Maine,ME
us-202pub957d3bcc,us-senator,2026 Iowa,,Public Policy Polling,2026-06-03,2026-06-04,2026-06-09,557.0,rv,"[""Democratic Senatorial Campaign Committee""]",False,DEM,https://www.politico.com/newsletters/playbook/2026/06/08/ron-klain-picks-his-2028-horse-00953194,,,,unmapped_party,False,0.11170969889486854,0.88,0.8344159634139319,1.0,0.0,Iowa,IA
us-202eme529afc79,us-senator,2026 Georgia,,Emerson College,2026-02-28,2026-03-02,2026-06-12,1000.0,lv,"[""Nexstar Media/WGN-TV""]",False,,https://docs.google.com/spreadsheets/d/1WMIkxH0hZRhWe0dbY6wtuuqshJGChuhv/edit?gid=1306158051#gid=1306158051,48.9,41.4,7.5,incumbent_plus_two_candidate_inference,True,0.012731030584064823,1.0,1.118033988749895,1.0,0.014233724904798899,Georgia,GA
us-202quafd79c6ef,us-senator,2026 Georgia,,Quantus Insights,2025-09-09,2025-09-12,2026-06-12,624.0,rv,[],False,,https://drive.google.com/file/d/1s_XyIo0Rre1TGtVisHKu9hW3S4yEvxRl/view,42.1,35.4,6.700000000000003,incumbent_plus_two_candidate_inference,True,0.0002449021434327297,0.88,0.8831760866327847,1.0,0.00019033671064751126,Georgia,GA
us-202tip53f19ba5,us-senator,2026 Georgia,,TIPP Insights,2025-07-28,2025-08-01,2026-06-12,2395.0,lv,"[""League of American Workers""]",False,REP,https://dailycaller.com/2025/08/07/mike-collins-georgia-senate-poll/,45.0,42.0,3.0,incumbent_plus_two_candidate_inference,True,9.28005589937234e-05,1.0,1.45,1.0,0.00013456081054089892,Georgia,GA
us-202pubd69c1e7f,us-senator,2026 Minnesota,,Public Policy Polling,2025-09-15,2025-09-16,2026-06-12,1015.0,lv,"[""GQR""]",False,DEM,https://www.nytimes.com/interactive/polls/minnesota-us-senate-election-polls-2026.html,47.0,43.0,4.0,incumbent_plus_two_candidate_inference,True,0.00026861478849777405,1.0,1.126388032606881,1.0,0.00030256448314512115,Minnesota,MN
us-202pubde180c20,us-senator,2026 Minnesota,,Public Policy Polling,2025-09-15,2025-09-16,2026-06-12,1015.0,lv,"[""GQR""]",False,DEM,https://www.scribd.com/document/930902898/Flanagan-Senate-Poll-Memo-September-2025,46.0,44.0,2.0,incumbent_plus_two_candidate_inference,True,0.00026861478849777405,1.0,1.126388032606881,1.0,0.00030256448314512115,Minnesota,MN
us-202tul3efe64f6,us-senator,2026 Michigan,,Tulchin Research,2026-06-02,2026-06-04,2026-06-12,500.0,lv,"[""Fighting for Michigan PAC""]",False,DEM,https://drive.google.com/file/d/15KbOIW_L4iGdkgIbMWDr2m80N0ZUr3d3/view,,,,unmapped_party,False,0.11170969889486854,1.0,0.7905694150420949,1.0,0.0,Michigan,MI
us-202fab5fd4622f,us-senator,2026 Maine,,"Fabrizio, Lee & Associates",2026-06-01,2026-06-03,2026-06-12,800.0,lv,"[""Pine Tree Results""]",False,REP,https://www.politico.com/f/?id=0000019e-95c1-d71f-a5df-97e7612c0000&nname=playbook&nid=0000014f-1646-d88f-a1cf-5f46b7bd0000&nrid=28dd2567-1dde-421b-a770-8c29b8ac0ac9,46.0,46.0,0.0,incumbent_plus_two_candidate_inference,True,0.10915824584590887,1.0,1.0,1.0,0.10915824584590887,Maine,ME
us-202uni64743a1f,us-senator,2026 New Hampshire,,University of New Hampshire,2026-04-17,2026-04-21,2026-06-12,1295.0,lv,[],False,,https://scholars.unh.edu/survey_center_polls/944/,,,,unmapped_party,False,0.040418502683567656,1.0,1.272301064999947,1.0,0.0,New Hampshire,NH
us-202harca09238f,us-senator,2026 North Carolina,,Harper Polling,2026-03-22,2026-03-23,2026-06-15,600.0,lv,"[""Carolina Journal""]",False,,https://www.carolinajournal.com/wp-content/uploads/2026/03/H23758-CJ-NC-Mar26-Toplines.pdf,,,,unmapped_party,False,0.02068162019998236,1.0,0.8660254037844386,1.0,0.0,North Carolina,NC
us-202ala3352af00,us-senator,2026 Alaska,,Alaska Survey Research,2026-06-04,2026-06-07,2026-06-15,1393.0,lv,[],False,,https://bsky.app/profile/alaskasurvey.bsky.social/post/3mo4ifkz3tc25,,,,unmapped_party,False,0.11972749078343999,1.0,1.3195643220396647,1.0,0.0,Alaska,AK
us-202datff65423b,us-senator,2026 Alaska,,Data for Progress,2025-10-17,2025-10-23,2026-06-15,823.0,lv,[],False,DEM,https://www.dataforprogress.org/blog/2025/10/31/in-the-midst-of-a-health-care-and-affordability-crisis-in-alaska-peltola-and-begich-lead-their-races,46.0,45.0,1.0,incumbent_plus_two_candidate_inference,True,0.000631539104430745,1.0,1.0142731387550397,1.0,0.0006405531496975185,Alaska,AK
us-202alafbc93030,us-senator,2026 Alaska,,Alaska Survey Research,2025-10-10,2025-10-15,2026-06-15,1708.0,lv,[],False,,https://www.politico.com/newsletters/playbook/2025/10/21/a-nazi-streak-00616221,,,,unmapped_party,False,0.0005249592364989132,1.0,1.45,1.0,0.0,Alaska,AK
us-202alab987738a,us-senator,2026 Alaska,,Alaska Survey Research,2026-05-14,2026-05-17,2026-06-15,1401.0,lv,[],False,,https://x.com/PollTracker2024/status/2059342641041473797,,,,unmapped_party,False,0.07370091570091854,1.0,1.3233480267866047,1.0,0.0,Alaska,AK
us-202alaaac6776a,us-senator,2026 Alaska,,Alaska Survey Research,2025-07-29,2025-08-01,2026-06-15,1613.0,lv,[],False,,https://www.documentcloud.org/documents/26071481-ak-sen-alaska-survey-research-d/,42.5,46.7,-4.200000000000003,incumbent_plus_two_candidate_inference,True,9.28005589937234e-05,1.0,1.4199471821162926,1.0,0.00013177189224195432,Alaska,AK
us-202datde291215,us-senator,2026 Alaska,,Data for Progress,2025-07-21,2025-07-27,2026-06-15,678.0,lv,[],False,,https://www.dataforprogress.org/blog/2025/8/8/mary-peltola-would-be-front-runner-for-alaska-governor,45.0,46.0,-1.0,incumbent_plus_two_candidate_inference,True,8.267589905021504e-05,1.0,0.9205976319760985,1.0,7.611123688712293e-05,Alaska,AK
us-202qua64c2cf49,us-senator,2026 Maine,,Quantus Insights,2026-06-09,2026-06-11,2026-06-15,870.0,lv,[],False,,https://quantusinsights.org/f/maine-senate-race-narrows-to-toss-up-as-collins-closes-gap,46.0,45.0,1.0,incumbent_plus_two_candidate_inference,True,0.13132010264743507,1.0,1.0428326807307104,1.0,0.13694489467765678,Maine,ME
us-202wic615cfb4b,us-senator,2026 Maine,,Wick,2026-06-11,2026-06-14,2026-06-17,1008.0,lv,"[""2Way""]",False,,https://wickhq.ai/assets/polls/maine-senate-2026/maine-2026-senate-poll-topline.pdf,47.6,45.4,2.200000000000003,incumbent_plus_two_candidate_inference,True,0.14074540111506292,1.0,1.1224972160321824,1.0,0.15798632092099096,Maine,ME
us-202suf43021e00,us-senator,2026 Massachusetts,,Suffolk University,2026-06-08,2026-06-12,2026-06-17,500.0,rv,"[""The Boston Globe""]",False,,https://www.bostonglobe.com/2026/06/16/metro/healey-voter-suffolk-poll-2026-midterm,55.0,30.0,25.0,incumbent_plus_two_candidate_inference,True,0.1343895645437216,0.88,0.7905694150420949,1.0,0.09349496589760083,Massachusetts,MA
us-202suf791a9846,us-senator,2026 Massachusetts,,Suffolk University,2026-06-08,2026-06-12,2026-06-17,500.0,rv,"[""The Boston Globe""]",False,,https://www.bostonglobe.com/2026/06/16/metro/healey-voter-suffolk-poll-2026-midterm,,,,unmapped_party,False,0.1343895645437216,0.88,0.7905694150420949,1.0,0.0,Massachusetts,MA
us-202cha0c7666ff,us-senator,2026 Florida,,Change Research,2026-05-13,2026-05-16,2026-06-17,1593.0,lv,"[""Freedom Project USA""]",False,,https://changeresearch.com/wp-content/uploads/2026/05/Deep-Dive-into-Florida-1.pdf,47.0,45.0,2.0,incumbent_plus_two_candidate_inference,True,0.07201758445988458,1.0,1.4111165791670084,1.0,0.10162520742290344,Florida,FL
us-202cha4c08cfde,us-senator,2026 Florida,,Change Research,2026-06-11,2026-06-14,2026-06-18,1273.0,rv,"[""Freedom Project USA""]",False,DEM,https://floridapolitics.com/archives/802382-poll-finds-david-jolly-in-good-position-against-byron-donalds-even-as-democrats-struggle-elsewhere/,43.0,46.0,-3.0,incumbent_plus_two_candidate_inference,True,0.14074540111506292,0.88,1.2614475811542865,1.0,0.15623779229976362,Florida,FL
us-202cha6cfd344c,us-senator,2026 Florida,,Change Research,2026-06-11,2026-06-14,2026-06-18,1015.0,lv,"[""Freedom Project USA""]",False,DEM,https://floridapolitics.com/archives/802382-poll-finds-david-jolly-in-good-position-against-byron-donalds-even-as-democrats-struggle-elsewhere/,46.0,46.0,0.0,incumbent_plus_two_candidate_inference,True,0.14074540111506292,1.0,1.126388032606881,1.0,0.15853393546046202,Florida,FL
us-202zen354a92cf,us-senator,2026 Michigan,,Zenith Research,2026-06-11,2026-06-14,2026-06-18,602.0,lv,"[""Common Defense""]",False,DEM,https://x.com/admcrlsn/status/2067419019544555546,,,,unmapped_party,False,0.14074540111506292,1.0,0.8674675786448736,1.0,0.0,Michigan,MI
us-202zenec41aa86,us-senator,2026 Michigan,,Zenith Research,2026-06-11,2026-06-14,2026-06-18,602.0,lv,"[""Common Defense""]",False,DEM,https://x.com/admcrlsn/status/2067419019544555546,,,,unmapped_party,False,0.14074540111506292,1.0,0.8674675786448736,1.0,0.0,Michigan,MI
us-202zena20bfa8f,us-senator,2026 Michigan,,Zenith Research,2026-06-11,2026-06-14,2026-06-18,602.0,lv,"[""Common Defense""]",False,DEM,https://x.com/admcrlsn/status/2067419019544555546,,,,unmapped_party,False,0.14074540111506292,1.0,0.8674675786448736,1.0,0.0,Michigan,MI
us-202pubfd67a5f3,us-senator,2026 Montana,,Public Opinion Strategies,2026-06-08,2026-06-11,2026-06-18,500.0,lv,"[""The Political Company""]",False,REP,https://www.semafor.com/article/06/18/2026/divided-montana-senate-field-helps-republicans,,,,unmapped_party,False,0.13132010264743507,1.0,0.7905694150420949,1.0,0.0,Montana,MT
us-202the5a104154,us-senator,2026 Virginia,,The Public Sentiment Institute,2026-06-12,2026-06-16,2026-06-18,996.0,rv,[],False,,https://tpsiofficial.substack.com/p/tpsi-new-tpsi-senate-poll-confirms,,,,unmapped_party,False,0.14740183140183707,0.88,1.11579568022107,1.0,0.0,Virginia,VA
us-202the65a34aca,us-senator,2026 Virginia,,The Public Sentiment Institute,2026-06-12,2026-06-16,2026-06-18,996.0,rv,[],False,,https://tpsiofficial.substack.com/p/tpsi-new-tpsi-senate-poll-confirms,,,,unmapped_party,False,0.14740183140183707,0.88,1.11579568022107,1.0,0.0,Virginia,VA
us-202the592aeef5,us-senator,2026 Virginia,,The Public Sentiment Institute,2026-06-12,2026-06-16,2026-06-18,,lv,[],False,,https://tpsiofficial.substack.com/p/tpsi-new-tpsi-senate-poll-confirms,,,,unmapped_party,False,0.14740183140183707,1.0,0.8,1.0,0.0,Virginia,VA
us-202thecc936039,us-senator,2026 Virginia,,The Public Sentiment Institute,2026-06-12,2026-06-16,2026-06-18,,lv,[],False,,https://tpsiofficial.substack.com/p/tpsi-new-tpsi-senate-poll-confirms,,,,unmapped_party,False,0.14740183140183707,1.0,0.8,1.0,0.0,Virginia,VA
us-202the23cfbe50,us-senator,2026 Virginia,,The Public Sentiment Institute,2026-06-12,2026-06-16,2026-06-18,,lv,[],False,,https://tpsiofficial.substack.com/p/tpsi-new-tpsi-senate-poll-confirms,,,,unmapped_party,False,0.14740183140183707,1.0,0.8,1.0,0.0,Virginia,VA
us-202the5f79b2da,us-senator,2026 Virginia,,The Public Sentiment Institute,2026-06-12,2026-06-16,2026-06-18,996.0,rv,[],False,,https://tpsiofficial.substack.com/p/tpsi-new-tpsi-senate-poll-confirms,,,,unmapped_party,False,0.14740183140183707,0.88,1.11579568022107,1.0,0.0,Virginia,VA
us-202mclfb3c3e69,us-senator,2026 Florida,,McLaughlin & Associates,2026-06-03,2026-06-07,2026-06-22,800.0,lv,"[""Associated Industries of Florida""]",False,REP,https://floridapolitics.com/archives/802818-ashley-moody-opens-a-healthy-and-hardened-lead-over-alex-vindman-in-new-aif-senate-poll/,40.0,47.0,-7.0,incumbent_plus_two_candidate_inference,True,0.11972749078343999,1.0,1.0,1.0,0.11972749078343999,Florida,FL
us-202texc8fd4814,us-senator,2026 Texas,,Texas Politics Project at the University of Texas/YouGov,2026-06-05,2026-06-12,2026-06-23,1200.0,rv,[],False,,https://texaspolitics.utexas.edu/blog/june-poll-finds-a-competitive-u-s-senate-race-in-texas-amid-continuing-economic-concerns-data-center-backlash,,,,unmapped_party,False,0.1343895645437216,0.88,1.224744871391589,1.0,0.0,Texas,TX
us-202socb918e088,us-senator,2026 Texas,,SoCal Strategies,2026-06-21,2026-06-21,2026-06-23,800.0,lv,"[""Red Eagle Politics""]",False,REP,https://socalstrategies.substack.com/p/ken-paxton-leads-narrow-texas-senate,,,,unmapped_party,False,0.16545296159985887,1.0,1.0,1.0,0.0,Texas,TX
us-202youca5f07f2,us-senator,2026 North Carolina,,YouGov,2026-06-01,2026-06-10,2026-06-23,905.0,lv,"[""Catawba College Center for North Carolina Politics & Public Service""]",False,,https://www.catawba.edu/news/all-news/2026/yougovsurvey27/,,,,unmapped_party,False,0.12832074735774956,1.0,1.0636023693091323,1.0,0.0,North Carolina,NC
us-202fabc4750dc3,us-senator,2026 Ohio,,Fabrizio Ward/Impact Research,2026-06-14,2026-06-16,2026-06-25,800.0,lv,"[""AARP""]",False,,https://www.aarp.org/pri/topics/voter-research/politics/2026-midterm-election-poll-ohio/?CMP=RDRCT-PRI-POLT,48.0,45.0,3.0,incumbent_plus_two_candidate_inference,True,0.14740183140183707,1.0,1.0,1.0,0.14740183140183707,Ohio,OH
us-202cyg40c776c5,us-senator,2026 Iowa,,Cygnal,2026-06-16,2026-06-19,2026-06-28,600.0,lv,"[""Iowans for Tax Relief""]",False,REP,https://taxrelief.org/itr-foundation-poll-shows-iowans-want-taxpayer-protection/,,,,unmapped_party,False,0.15798137122573783,1.0,0.8660254037844386,1.0,0.0,Iowa,IA
us-202thefac9ff9a,us-senator,2026 Maine,,The New York Times/Siena University,2026-06-19,2026-06-26,2026-06-29,608.0,lv,"[""Portland Press Herald""]",False,,https://www.nytimes.com/2026/06/29/us/politics/collins-platner-maine-senate-poll.html,49.0,47.0,2.0,incumbent_plus_two_candidate_inference,True,0.18571467017622967,1.0,0.8717797887081347,1.0,0.16190229592623442,Maine,ME
us-202thee89c7bce,us-senator,2026 Texas,,The New York Times/Siena University,2026-06-19,2026-06-27,2026-06-30,656.0,lv,[],False,,https://www.nytimes.com/interactive/2026/06/30/polls/times-siena-texas-poll-crosstabs.html#composition-of-the-sample,,,,unmapped_party,False,0.19005554481914552,1.0,0.9055385138137416,1.0,0.0,Texas,TX
us-202the85ab5fb4,us-senator,2026 Ohio,,The New York Times/Siena University,2026-06-15,2026-06-28,2026-07-01,601.0,lv,[],False,,https://www.nytimes.com/interactive/2026/07/01/polls/times-siena-ohio-poll-crosstabs.html,47.0,50.0,-3.0,incumbent_plus_two_candidate_inference,True,0.1944978825971364,1.0,0.8667467911679858,1.0,0.16858041563003562,Ohio,OH
us-202the011805d2,us-senator,2026 Alaska,,The New York Times/Siena University,2026-06-15,2026-06-29,2026-07-01,593.0,lv,[],False,,https://www.nytimes.com/interactive/2026/07/01/polls/times-siena-alaska-poll-crosstabs.html,45.0,47.0,-2.0,incumbent_plus_two_candidate_inference,True,0.19904405509856332,1.0,0.8609587678861282,1.0,0.1713687244327177,Alaska,AK
us-202the52e3337f,us-senator,2026 Iowa,,The New York Times/Siena University,2026-06-15,2026-06-27,2026-07-01,600.0,lv,[],False,,https://www.nytimes.com/interactive/2026/07/01/polls/times-siena-iowa-poll-crosstabs.html,,,,unmapped_party,False,0.19005554481914552,1.0,0.8660254037844386,1.0,0.0,Iowa,IA
us-202thef5594fea,us-senator,2026 North Carolina,,The New York Times/Siena University,2026-06-15,2026-06-27,2026-07-01,601.0,lv,[],False,,https://www.nytimes.com/interactive/2026/07/01/polls/times-siena-north-carolina-poll-crosstabs.html,,,,unmapped_party,False,0.19005554481914552,1.0,0.8667467911679858,1.0,0.0,North Carolina,NC
us-202uni7ffc2e9d,us-senator,2026 Massachusetts,,University of New Hampshire,2026-06-18,2026-06-23,2026-07-01,623.0,lv,[],False,,https://scholars.unh.edu/survey_center_polls/973/,50.0,34.0,16.0,incumbent_plus_two_candidate_inference,True,0.17327791428679906,1.0,0.8824681297361395,1.0,0.15291223694525066,Massachusetts,MA
us-202unieba4dd24,us-senator,2026 Massachusetts,,University of New Hampshire,2026-06-18,2026-06-23,2026-07-01,623.0,lv,[],False,,https://scholars.unh.edu/survey_center_polls/973/,,,,unmapped_party,False,0.17327791428679906,1.0,0.8824681297361395,1.0,0.0,Massachusetts,MA
us-202unib186ef52,us-senator,2026 New Hampshire,,University of New Hampshire,2026-06-18,2026-06-23,2026-07-01,2232.0,lv,[],False,,https://scholars.unh.edu/survey_center_polls/974/,,,,unmapped_party,False,0.17327791428679906,1.0,1.45,1.0,0.0,New Hampshire,NH
us-202uni983e65a4,us-senator,2026 New Hampshire,,University of New Hampshire,2026-06-18,2026-06-23,2026-07-01,2232.0,lv,[],False,,https://scholars.unh.edu/survey_center_polls/974/,,,,unmapped_party,False,0.17327791428679906,1.0,1.45,1.0,0.0,New Hampshire,NH
us-202sai3a119d63,us-senator,2026 New Hampshire,,Saint Anselm,2026-06-24,2026-06-25,2026-07-01,1614.0,rv,[],False,,https://www.anselm.edu/about/anselmian-hub/news/saint-anselm-college-survey-center-june-poll-finds-democrats-expand-generic-ballot-lead,,,,unmapped_party,False,0.18147294124718094,0.88,1.4203872711341792,1.0,0.0,New Hampshire,NH
us-202saif530b9d2,us-senator,2026 New Hampshire,,Saint Anselm,2026-06-24,2026-06-25,2026-07-01,1614.0,rv,[],False,,https://www.anselm.edu/about/anselmian-hub/news/saint-anselm-college-survey-center-june-poll-finds-democrats-expand-generic-ballot-lead,,,,unmapped_party,False,0.18147294124718094,0.88,1.4203872711341792,1.0,0.0,New Hampshire,NH
us-202uni56d3ce46,us-senator,2026 Rhode Island,,University of New Hampshire,2026-06-18,2026-06-23,2026-07-01,664.0,lv,[],False,,https://scholars.unh.edu/survey_center_polls/971/,52.0,34.0,18.0,incumbent_plus_two_candidate_inference,True,0.17327791428679906,1.0,0.9110433579144299,1.0,0.1578636928842542,Rhode Island,RI
us-202gra7bd23a76,us-senator,2026 Montana,,GrayHouse,2026-06-23,2026-06-24,2026-07-01,500.0,lv,[],False,REP,https://www.insideelections.com/news/article/montana-senate-new-poll-confirms-gop-edge,,,,unmapped_party,False,0.1773280935407651,1.0,0.7905694150420949,1.0,0.0,Montana,MT
us-202bea83272bb9,us-senator,2026 Maine,,Beacon Research/Shaw & Co. Research,2026-06-23,2026-06-27,2026-07-01,1003.0,rv,"[""Fox News""]",False,,https://www.foxnews.com/politics/fox-news-poll-maine-senate-race-tight-concerns-about-both-candidates,47.0,50.0,-3.0,incumbent_plus_two_candidate_inference,True,0.19005554481914552,0.88,1.1197097838279346,1.0,0.1872702066441763,Maine,ME
us-202a2 1a5590cb,us-senator,2026 Texas,,A2 Insights,2026-06-23,2026-06-28,2026-07-01,618.0,lv,[],False,,https://substack.com/@a2insights/note/c-285306220,,,,unmapped_party,False,0.1944978825971364,1.0,0.8789197915623472,1.0,0.0,Texas,TX
us-202tav5bb1680a,us-senator,2026 Montana,,Tavern Research,2026-06-16,2026-06-19,2026-07-01,400.0,lv,[],False,,https://242750075.fs1.hubspotusercontent-na2.net/hubfs/242750075/Toplines%20-%20Montana%20Senate%20General%20Election%2020260616_161028%20(1).pdf,,,,unmapped_party,False,0.15798137122573783,1.0,0.7071067811865476,1.0,0.0,Montana,MT
us-202tavf29ef95a,us-senator,2026 Montana,,Tavern Research,2026-06-16,2026-06-19,2026-07-01,400.0,lv,[],False,DEM,https://242750075.fs1.hubspotusercontent-na2.net/hubfs/242750075/Toplines%20-%20Montana%20Senate%20General%20Election%2020260616_161028%20(1).pdf,,,,unmapped_party,False,0.15798137122573783,1.0,0.7071067811865476,1.0,0.0,Montana,MT
us-202tav16c902e1,us-senator,2026 Montana,,Tavern Research,2026-06-16,2026-06-19,2026-07-01,400.0,lv,[],False,DEM,https://242750075.fs1.hubspotusercontent-na2.net/hubfs/242750075/Toplines%20-%20Montana%20Senate%20General%20Election%2020260616_161028%20(1).pdf,,,,unmapped_party,False,0.15798137122573783,1.0,0.7071067811865476,1.0,0.0,Montana,MT
us-202qua3b4e634a,us-senator,2026 Michigan,,Quantus Insights,2026-06-29,2026-06-30,2026-07-02,947.0,lv,[],False,,https://quantusinsights.org/f/michigan-senate-el-sayed-leads-primary-fall-race-remains-tight,,,,unmapped_party,False,0.20369648934503726,1.0,1.0880027573494473,1.0,0.0,Michigan,MI
us-202qua38d03fbc,us-senator,2026 Michigan,,Quantus Insights,2026-06-29,2026-06-30,2026-07-02,947.0,lv,[],False,,https://quantusinsights.org/f/michigan-senate-el-sayed-leads-primary-fall-race-remains-tight,,,,unmapped_party,False,0.20369648934503726,1.0,1.0880027573494473,1.0,0.0,Michigan,MI
us-202qua1a64cfa3,us-senator,2026 Michigan,,Quantus Insights,2026-06-29,2026-06-30,2026-07-02,947.0,lv,[],False,,https://quantusinsights.org/f/michigan-senate-el-sayed-leads-primary-fall-race-remains-tight,,,,unmapped_party,False,0.20369648934503726,1.0,1.0880027573494473,1.0,0.0,Michigan,MI
us-202bea8e2b79ff,us-senator,2026 Georgia,,Beacon Research/Shaw & Co. Research,2026-06-23,2026-06-27,2026-07-02,1002.0,rv,"[""Fox News""]",False,,https://www.foxnews.com/politics/fox-news-poll-early-look-georgia-senate-race,56.0,43.0,13.0,incumbent_plus_two_candidate_inference,True,0.19005554481914552,0.88,1.1191514642799696,1.0,0.18717682832540922,Georgia,GA
us-202bea93a2c09c,us-senator,2026 Iowa,,Beacon Research/Shaw & Co. Research,2026-06-23,2026-06-27,2026-07-02,1003.0,rv,"[""Fox News""]",False,,https://www.foxnews.com/politics/fox-news-poll-close-senate-contest-brewing-iowa,,,,unmapped_party,False,0.19005554481914552,0.88,1.1197097838279346,1.0,0.0,Iowa,IA
us-202wic6dd1649c,us-senator,2026 Georgia,,Wick,2026-06-27,2026-06-30,2026-07-09,1175.0,lv,[],False,,https://wick.io/research-georgia-election-survey-june-2026,46.7,42.9,3.8000000000000043,incumbent_plus_two_candidate_inference,True,0.20369648934503726,1.0,1.2119199643540823,1.0,0.24686384210608928,Georgia,GA
us-202pub96a42a3f,us-senator,2026 North Carolina,,Public Policy Polling,2026-07-10,2026-07-11,2026-07-13,759.0,lv,[],False,,https://www.publicpolicypolling.com/polls/cooper-leads-but-whatley-has-a-path/,,,,unmapped_party,False,0.2626402052948701,1.0,0.9740379869389079,1.0,0.0,North Carolina,NC
us-202uni1ae0881e,us-senator,2026 Florida,,University of North Florida,2026-07-08,2026-07-17,2026-07-20,848.0,lv,[],False,,https://www.unfporl.org/presser-page,40.0,50.0,-10.0,incumbent_plus_two_candidate_inference,True,0.3016943717783009,1.0,1.0295630140987,1.0,0.3106133667446812,Florida,FL
us-202unia65b1e02,us-senator,2026 Maine,,University of New Hampshire,2026-07-15,2026-07-20,2026-07-22,1178.0,lv,[],False,,https://scholars.unh.edu/survey_center_polls/981/,49.0,46.0,3.0,incumbent_plus_two_candidate_inference,True,0.32334802146854125,1.0,1.2134661099511597,1.0,0.3923718657718348,Maine,ME
us-202fab389395b2,us-senator,2026 Georgia,,"Fabrizio, Lee & Associates/Impact Research",2026-07-13,2026-07-16,2026-07-23,1060.0,lv,"[""AARP""]",False,,https://www.aarp.org/pri/topics/voter-research/politics/2026-midterm-election-poll-georgia/,52.0,43.0,9.0,incumbent_plus_two_candidate_inference,True,0.29480366280367415,1.0,1.1510864433221337,1.0,0.3393444996950189,Georgia,GA
us-202har44ddb49c,us-senator,2026 Montana,,Hart Research Associates,2026-06-18,2026-06-24,2026-07-23,800.0,lv,"[""The Majority Institute""]",False,DEM,https://static1.squarespace.com/static/69cec30fc730d61da1000228/t/6a6151119a2cae2aa534d293/1784762641928/07222026.pdf,,,,unmapped_party,False,0.1773280935407651,1.0,1.0,1.0,0.0,Montana,MT
us-202tav913179a0,us-senator,2026 Montana,,Tavern Research,2026-07-23,2026-07-27,2026-07-28,517.0,lv,[],False,,https://242750075.fs1.hubspotusercontent-na2.net/hubfs/242750075/Toplines%20-%20Montana%20Senate%20late%20July%2020260723_143910%20(2).pdf,,,,unmapped_party,False,0.3801110896382911,1.0,0.8038967595406763,1.0,0.0,Montana,MT
us-202tav1d399417,us-senator,2026 Montana,,Tavern Research,2026-07-23,2026-07-27,2026-07-28,517.0,lv,[],False,,https://242750075.fs1.hubspotusercontent-na2.net/hubfs/242750075/Toplines%20-%20Montana%20Senate%20late%20July%2020260723_143910%20(2).pdf,,,,unmapped_party,False,0.3801110896382911,1.0,0.8038967595406763,1.0,0.0,Montana,MT
us-202tav5960dbe5,us-senator,2026 Montana,,Tavern Research,2026-07-23,2026-07-27,2026-07-28,517.0,lv,[],False,,https://242750075.fs1.hubspotusercontent-na2.net/hubfs/242750075/Toplines%20-%20Montana%20Senate%20late%20July%2020260723_143910%20(2).pdf,,,,unmapped_party,False,0.3801110896382911,1.0,0.8038967595406763,1.0,0.0,Montana,MT
us-202tav83ffdf29,us-senator,2026 Montana,,Tavern Research,2026-07-23,2026-07-27,2026-07-28,517.0,lv,[],False,,https://242750075.fs1.hubspotusercontent-na2.net/hubfs/242750075/Toplines%20-%20Montana%20Senate%20late%20July%2020260723_143910%20(2).pdf,,,,unmapped_party,False,0.3801110896382911,1.0,0.8038967595406763,1.0,0.0,Montana,MT
us-202tav8cd1705b,us-senator,2026 Montana,,Tavern Research,2026-07-23,2026-07-27,2026-07-28,517.0,lv,[],False,,https://242750075.fs1.hubspotusercontent-na2.net/hubfs/242750075/Toplines%20-%20Montana%20Senate%20late%20July%2020260723_143910%20(2).pdf,,,,unmapped_party,False,0.3801110896382911,1.0,0.8038967595406763,1.0,0.0,Montana,MT
us-202tavbdc1a03d,us-senator,2026 Montana,,Tavern Research,2026-07-23,2026-07-27,2026-07-28,517.0,lv,[],False,,https://242750075.fs1.hubspotusercontent-na2.net/hubfs/242750075/Toplines%20-%20Montana%20Senate%20late%20July%2020260723_143910%20(2).pdf,,,,unmapped_party,False,0.3801110896382911,1.0,0.8038967595406763,1.0,0.0,Montana,MT
us-202gqr6f3c3766,us-senator,2026 Montana,,GQR,2026-07-23,2026-07-26,2026-07-28,500.0,lv,"[""Contours Inc.""]",False,,https://www.gelliottmorris.com/p/2026-07-28-exclusive-independent-leads-democrat-against-republican-montana,,,,unmapped_party,False,0.3714293403524594,1.0,0.7905694150420949,1.0,0.0,Montana,MT
us-202gqre6dc037c,us-senator,2026 Montana,,GQR,2026-07-23,2026-07-26,2026-07-28,500.0,lv,"[""Contours Inc.""]",False,,https://www.gelliottmorris.com/p/2026-07-28-exclusive-independent-leads-democrat-against-republican-montana,,,,unmapped_party,False,0.3714293403524594,1.0,0.7905694150420949,1.0,0.0,Montana,MT
us-202gqr10c806ef,us-senator,2026 Montana,,GQR,2026-07-23,2026-07-26,2026-07-28,500.0,lv,"[""Contours Inc.""]",False,,https://www.gelliottmorris.com/p/2026-07-28-exclusive-independent-leads-democrat-against-republican-montana,,,,unmapped_party,False,0.3714293403524594,1.0,0.7905694150420949,1.0,0.0,Montana,MT
us-202gqr0fc65d4b,us-senator,2026 Montana,,GQR,2026-07-23,2026-07-26,2026-07-28,500.0,lv,"[""Contours Inc.""]",False,,https://www.gelliottmorris.com/p/2026-07-28-exclusive-independent-leads-democrat-against-republican-montana,,,,unmapped_party,False,0.3714293403524594,1.0,0.7905694150420949,1.0,0.0,Montana,MT
us-202gqrcac76706,us-senator,2026 Montana,,GQR,2026-07-23,2026-07-26,2026-07-28,500.0,lv,"[""Contours Inc.""]",False,,https://www.gelliottmorris.com/p/2026-07-28-exclusive-independent-leads-democrat-against-republican-montana,,,,unmapped_party,False,0.3714293403524594,1.0,0.7905694150420949,1.0,0.0,Montana,MT
us-202sli6204659f,us-senator,2026 Texas,,Slingshot Strategies,2026-07-15,2026-07-17,2026-07-28,1048.0,lv,"[""Texas Public Opinion Research""]",False,,https://texaspublicopinionresearch.substack.com/p/new-poll-james-talaricos-lead-over,,,,unmapped_party,False,0.3016943717783009,1.0,1.1445523142259597,1.0,0.0,Texas,TX
us-202theb6b894ea,us-senator,2026 Montana,,The Bullfinch Group,2026-07-13,2026-07-16,2026-07-28,793.0,lv,"[""The Independent Center""]",False,,https://www.semafor.com/article/07/28/2026/independent-group-eyes-delbenes-seat,,,,unmapped_party,False,0.29480366280367415,1.0,0.9956153875869939,1.0,0.0,Montana,MT
us-202gle7fc79cd5,us-senator,2026 Michigan,,"Glengariff Group, Inc.",2026-07-22,2026-07-24,2026-07-28,600.0,lv,"[""Michigan Education Association"", ""Business Leaders For Michigan""]",False,,https://mea.org/wp-content/uploads/2026/07/MICHIGAN-EDUCATION-SURVEY-REPORT-FINAL54.pdf,,,,unmapped_party,False,0.35465618708153024,1.0,0.8660254037844386,1.0,0.0,Michigan,MI
us-202gle6589d1bb,us-senator,2026 Michigan,,"Glengariff Group, Inc.",2026-07-22,2026-07-24,2026-07-28,600.0,lv,"[""Michigan Education Association"", ""Business Leaders for Michigan""]",False,,https://mea.org/wp-content/uploads/2026/07/MICHIGAN-EDUCATION-SURVEY-REPORT-FINAL54.pdf,,,,unmapped_party,False,0.35465618708153024,1.0,0.8660254037844386,1.0,0.0,Michigan,MI
us-202beacaddacc4,us-senator,2026 North Carolina,,Beacon Research/Shaw & Co. Research,2026-07-23,2026-07-27,2026-07-30,1005.0,rv,"[""Fox News""]",False,,https://www.foxnews.com/politics/fox-news-poll-democratic-enthusiasm-shapes-north-carolina-senate-race,,,,unmapped_party,False,0.3801110896382911,0.88,1.1208255885729947,1.0,0.0,North Carolina,NC
us-202bea54820d8d,us-senator,2026 Texas,,Beacon Research/Shaw & Co. Research,2026-07-23,2026-07-27,2026-07-30,1006.0,rv,"[""Fox News""]",False,,https://www.foxnews.com/politics/fox-news-poll-gop-divisions-shape-texas-senate-race,,,,unmapped_party,False,0.3801110896382911,0.88,1.1213830746002902,1.0,0.0,Texas,TX
us-202soc6e865068,us-senator,2026 Michigan,,SoCal Strategies,2026-07-28,2026-07-30,2026-07-31,640.0,lv,"[""Red Eagle Politics""]",False,REP,https://socalstrategies.substack.com/p/abdul-el-sayed-holds-17-point-primary,,,,unmapped_party,False,0.40739297869007457,1.0,0.8944271909999159,1.0,0.0,Michigan,MI
us-202soc0b27fd00,us-senator,2026 Michigan,,SoCal Strategies,2026-07-28,2026-07-30,2026-07-31,640.0,lv,"[""Red Eagle Politics""]",False,REP,https://socalstrategies.substack.com/p/abdul-el-sayed-holds-17-point-primary,,,,unmapped_party,False,0.40739297869007457,1.0,0.8944271909999159,1.0,0.0,Michigan,MI
us-202epife4108d8,us-senator,2026 Michigan,,EPIC-MRA,2026-07-24,2026-07-31,2026-08-02,600.0,lv,"[""MIRS""]",False,,,,,,unmapped_party,False,0.4169153381742208,1.0,0.8660254037844386,1.0,0.0,Michigan,MI
us-202epia42401c2,us-senator,2026 Michigan,,EPIC-MRA,2026-07-24,2026-07-31,2026-08-02,600.0,lv,"[""MIRS""]",False,,,,,,unmapped_party,False,0.4169153381742208,1.0,0.8660254037844386,1.0,0.0,Michigan,MI
us-202mit1e6a5692,us-senator,2026 Michigan,,Mitchell Research & Communications,2026-07-28,2026-07-29,2026-08-03,672.0,lv,[],False,,https://static1.squarespace.com/static/5f14ae6fb2a20e01e9c6d608/t/6a6d26262f442f133d15fa49/1785538087149/MITCHELL+MI+Poll+Nov+Electio+Press+Release+7-31-2026+305PM_A.pdf,,,,unmapped_party,False,0.39808811019712664,1.0,0.916515138991168,1.0,0.0,Michigan,MI
us-202mit132a3ca8,us-senator,2026 Michigan,,Mitchell Research & Communications,2026-07-28,2026-07-29,2026-08-03,672.0,lv,[],False,,https://static1.squarespace.com/static/5f14ae6fb2a20e01e9c6d608/t/6a6d26262f442f133d15fa49/1785538087149/MITCHELL+MI+Poll+Nov+Electio+Press+Release+7-31-2026+305PM_A.pdf,,,,unmapped_party,False,0.39808811019712664,1.0,0.916515138991168,1.0,0.0,Michigan,MI
us-202wed4dcf8c6b,us-senator,2026 Texas,,Wedgewood Polls,2026-07-30,2026-07-31,2026-08-03,800.0,lv,[],False,,https://drive.google.com/file/u/1/d/1t2mC4MFActxiBdx4ef_5crisXjD9xH7a/view,,,,unmapped_party,False,0.4169153381742208,1.0,1.0,1.0,0.0,Texas,TX
us-202texee0a6ae6,us-senator,2026 Texas,,Texas Southern University Barbara Jordan Public Policy Research and Survey Center,2026-07-27,2026-07-30,2026-08-04,1200.0,lv,[],False,,https://static1.squarespace.com/static/67aa7aa3e284b002cd6a420e/t/6a713767d4ed824b91ea090d/1785804647961/Texas+Statewide+August2026.pdf,,,,unmapped_party,False,0.40739297869007457,1.0,1.224744871391589,1.0,0.0,Texas,TX
us-202yes4308b337,us-senator,2026 Alabama,,yes. every kid.,2026-07-08,2026-07-11,2026-08-04,601.0,lv,[],False,,https://yeseverykidfoundation.org/alabama-likely-voters-support-fully-funding-the-choose-act/,,,,unmapped_party,False,0.2626402052948701,1.0,0.8667467911679858,1.0,0.0,Alabama,AL
us-202harfe4afc0e,us-senator,2026 Maine,,Hart Research Associates,2026-07-27,2026-08-01,2026-08-06,802.0,lv,"[""Senate Majority PAC""]",False,DEM,https://drive.google.com/file/d/1c_Oz7n375ncOkmMWPs8DJTKcBD3Gke4-/view,49.0,45.0,4.0,incumbent_plus_two_candidate_inference,True,0.4266602722605039,1.0,1.0012492197250393,1.0,0.4271932646885024,Maine,ME
us-202eme4923d9f5,us-senator,2026 Iowa,,Emerson College,2026-08-02,2026-08-04,2026-08-06,712.0,lv,"[""Nexstar Media""]",False,,https://emersoncollegepolling.com/iowa-2026-poll/,,,,unmapped_party,False,0.4572831573273178,1.0,0.9433981132056604,1.0,0.0,Iowa,IA
us-202you3c4a4a9f,us-senator,2026 Texas,,YouGov Blue,2026-07-15,2026-07-31,2026-08-07,1001.0,rv,"[""254 Labs""]",False,DEM,https://254labs.io/news/2026-07-txsen,,,,unmapped_party,False,0.4169153381742208,0.88,1.1185928660598548,1.0,0.0,Texas,TX
us-202chad53b9fb6,us-senator,2026 North Carolina,,Change Research,2026-07-29,2026-08-01,2026-08-07,967.0,lv,"[""Talking About Politics""]",False,,https://garypearcenc.substack.com/p/cooper-up-by-9-trump-still-slumps,,,,unmapped_party,False,0.4266602722605039,1.0,1.0994316713648011,1.0,0.0,North Carolina,NC
us-202rec773da2d7,us-senator,2026 Texas,,ReconMR/Siena University,2026-07-27,2026-07-30,2026-08-07,619.0,lv,"[""Texas A&M University Bush School of Government & Public Service""]",False,,https://reconmr.com/wp-content/uploads/2026/08/Texas-Pulse-August-Release-August-7-2026-Final.pdf,,,,unmapped_party,False,0.40739297869007457,1.0,0.879630604287959,1.0,0.0,Texas,TX
us-202chaf0ea6e94,us-senator,2026 North Carolina,,Change Research,2026-08-03,2026-08-06,2026-08-10,915.0,lv,"[""Carolina Forward""]",False,DEM,https://carolinaforward.org/news/the-august-2026-carolina-forward-poll/,,,,unmapped_party,False,0.47890996313375994,1.0,1.069462481810372,1.0,0.0,North Carolina,NC
us-202alaaa70f06a,us-senator,2026 Alaska,,Alaska Survey Research,2026-08-02,2026-08-05,2026-08-12,1371.0,lv,[],False,,https://x.com/The_Real_ASR/status/2087253230548107640?s=20,50.8,49.2,1.5999999999999943,incumbent_plus_two_candidate_inference,True,0.46797164445863076,1.0,1.3091027461586047,1.0,0.6126229648851517,Alaska,AK
us-202elodaa5cffa,us-senator,2026 North Carolina,,Elon University/YouGov,2026-07-21,2026-07-23,2026-08-12,717.0,rv,[],False,,https://eloncdn.blob.core.windows.net/eu3/sites/819/2026/08/Elon-University-Poll-Topline-8-12-26.pdf,,,,unmapped_party,False,0.3465558285735982,0.88,0.9467048114380744,1.0,0.0,North Carolina,NC
us-202elo069243f3,us-senator,2026 North Carolina,,Elon University/YouGov,2026-07-21,2026-07-23,2026-08-12,466.0,lv,[],False,,https://eloncdn.blob.core.windows.net/eu3/sites/819/2026/08/Elon-University-Poll-Topline-8-12-26.pdf,,,,unmapped_party,False,0.3465558285735982,1.0,0.7632168761236874,1.0,0.0,North Carolina,NC
us-202har82b4bcdc,us-senator,2026 Montana,,Hart Research Associates,2026-08-01,2026-08-04,2026-08-13,800.0,lv,"[""Forward Montana""]",False,,https://forwardmontana.org/results-of-new-polling-on-the-montana-u-s-senate-election/,,,,unmapped_party,False,0.4572831573273178,1.0,1.0,1.0,0.0,Montana,MT
us-202bea347c91b0,us-senator,2026 Maine,,Beacon Research/Shaw & Co. Research,2026-08-06,2026-08-10,2026-08-13,1000.0,rv,"[""Fox News""]",False,,https://www.foxnews.com/politics/fox-news-poll-new-matchup-same-result-maine-senate-race-stays-locked,48.0,46.0,2.0,incumbent_plus_two_candidate_inference,True,0.5252804105897403,0.88,1.118033988749895,1.0,0.5168075903441703,Maine,ME
us-202eme5bcac049,us-senator,2026 Texas,,Emerson College,2026-08-09,2026-08-10,2026-08-13,1000.0,lv,"[""Nexstar Media""]",False,,https://emersoncollegepolling.com/texas-2026-poll-paxton-and-talarico/,,,,unmapped_party,False,0.5252804105897403,1.0,1.118033988749895,1.0,0.0,Texas,TX
us-202har1cef6d8a,us-senator,2026 North Carolina,,Harper Polling,2026-08-09,2026-08-10,2026-08-14,600.0,lv,"[""The Carolina Journal""]",False,,https://www.carolinajournal.com/polls/august-2026-coopers-lead-over-whatley-grows-to-12-5-points/,,,,unmapped_party,False,0.5252804105897403,1.0,0.8660254037844386,1.0,0.0,North Carolina,NC
us-202the39a65ca5,us-senator,2026 Idaho,,The Bullfinch Group,2026-08-04,2026-08-07,2026-08-14,608.0,lv,[],False,,https://www.thebullfinchgroup.com/post/for-immediate-release-independent-todd-achilles-within-4-points-among-likely-voters,,,,unmapped_party,False,0.49010395288822783,1.0,0.8717797887081347,1.0,0.0,Idaho,ID
us-202bea58e907c0,us-senator,2026 Ohio,,Beacon Research/Shaw & Co. Research,2026-08-06,2026-08-10,2026-08-14,1008.0,rv,"[""Fox News""]",False,,https://www.foxnews.com/politics/fox-news-poll-economic-anxiety-candidate-concerns-define-ohio-senate-race,53.0,45.0,8.0,incumbent_plus_two_candidate_inference,True,0.5252804105897403,0.88,1.1224972160321824,1.0,0.5188707027004382,Ohio,OH
us-202bea6ed87549,us-senator,2026 Michigan,,Beacon Research/Shaw & Co. Research,2026-08-06,2026-08-10,2026-08-14,1006.0,rv,"[""Fox News""]",False,,https://www.foxnews.com/politics/fox-news-poll-senate-battle-looms-michigan,,,,unmapped_party,False,0.5252804105897403,0.88,1.1213830746002902,1.0,0.0,Michigan,MI
us-202wedb13225b0,us-senator,2026 Ohio,,Wedgewood Polls,2026-08-11,2026-08-13,2026-08-15,800.0,lv,[],False,,https://drive.google.com/file/u/1/d/1rP-26-yqNx9jy_gRqoLDmgJgzm5X8a4O/view,48.0,44.0,4.0,incumbent_plus_two_candidate_inference,True,0.5629816044602517,1.0,1.0,1.0,0.5629816044602517,Ohio,OH
us-202gba7596c230,us-senator,2026 Michigan,,GBAO Strategies,2026-08-06,2026-08-10,2026-08-17,800.0,lv,"[""Senate Majority PAC""]",False,DEM,https://www.politico.com/newsletters/playbook/2026/08/15/what-burritos-tell-us-about-capitalism-01038859,,,,unmapped_party,False,0.5252804105897403,1.0,1.0,1.0,0.0,Michigan,MI
us-202uni86a7074d,us-senator,2026 Massachusetts,,University of Massachusetts Department of Political Science/YouGov,2026-08-05,2026-08-12,2026-08-17,800.0,rv,"[""WCVB-TV""]",False,,https://www.wcvb.com/article/markey-moulton-umass-poll-aug-17/73437119,51.0,30.0,21.0,incumbent_plus_two_candidate_inference,True,0.5501230868434407,0.88,1.0,1.0,0.4841083164222278,Massachusetts,MA
us-202unibd1bf2da,us-senator,2026 Massachusetts,,University of Massachusetts Department of Political Science/YouGov,2026-08-05,2026-08-12,2026-08-17,800.0,rv,"[""WCVB-TV""]",False,,https://www.wcvb.com/article/markey-moulton-umass-poll-aug-17/73437119,,,,unmapped_party,False,0.5501230868434407,0.88,1.0,1.0,0.0,Massachusetts,MA
us-202susb1d73b8b,us-senator,2026 Michigan,,Susquehanna Polling & Research,2026-08-11,2026-08-17,2026-08-19,800.0,rv,[],False,,https://static01.nyt.com/newsgraphics/documenttools/43c767b477fe30ae/4748b92f-full.pdf,,,,unmapped_party,False,0.6174922868805635,0.88,1.0,1.0,0.0,Michigan,MI
us-202tip8915c085,us-senator,2026 Michigan,,TIPP Insights,2026-08-06,2026-08-10,2026-08-19,1528.0,rv,"[""League of American Workers""]",False,REP,https://tippinsights.com/league-of-american-workers-survey-michigan-2/,,,,unmapped_party,False,0.5252804105897403,0.88,1.3820274961085253,1.0,0.0,Michigan,MI
us-202uni979cabda,us-senator,2026 Florida,,University of North Florida,2026-02-21,2026-03-02,2026-08-19,768.0,lv,[],False,,https://floridapolitics.com/archives/783199-desantis-more-popular-trump-poll/,38.0,46.0,-8.0,incumbent_plus_two_candidate_inference,True,0.012731030584064823,1.0,0.9797958971132712,1.0,0.012473811532290286,Florida,FL
us-202emed67d42c8,us-senator,2026 Florida,,Emerson College,2026-03-29,2026-03-31,2026-08-19,1125.0,lv,[],False,,https://emersoncollegepolling.com/florida-2026-poll-donalds-leads-gop-primary-for-governor-republicans-outpace-democrats-in-florida-elections/,36.0,47.0,-11.0,incumbent_plus_two_candidate_inference,True,0.02488050688732041,1.0,1.1858541225631423,1.0,0.02950465166378956,Florida,FL
us-202unic788577e,us-senator,2026 Florida,,University of North Florida,2026-07-08,2026-07-17,2026-08-19,848.0,lv,[],False,,https://floridapolitics.com/archives/808426-unf-poll-jolly-donalds/,42.0,50.0,-8.0,incumbent_plus_two_candidate_inference,True,0.3016943717783009,1.0,1.0295630140987,1.0,0.3106133667446812,Florida,FL
us-202ins63791cfb,us-senator,2026 Georgia,,InsiderAdvantage,2026-08-16,2026-08-17,2026-08-20,800.0,lv,"[""James Magazine""]",False,,https://jamesmagazinega.com/2026/08/18/exclusive-jmo-insideradvantage-georgia-survey-ossoff-leads-jackson-lance-bottoms-tied/,50.1,42.6,7.5,incumbent_plus_two_candidate_inference,True,0.6174922868805635,1.0,1.0,1.0,0.6174922868805635,Georgia,GA
us-202j.le2159a92,us-senator,2026 Arkansas,,J.L. Partners,2026-08-14,2026-08-18,2026-08-20,803.0,lv,[],False,,https://static1.squarespace.com/static/663253f0bc87b7070102f41f/t/6a84d771481c4817e92f0eee/1787090801301/AR+Aug+26+Polling+Memo.pdf,,,,unmapped_party,False,0.6319254849029513,1.0,1.0018732454756938,1.0,0.0,Arkansas,AR
us-202sur47670306,us-senator,2026 Minnesota,,SurveyUSA,2026-08-13,2026-08-17,2026-08-20,661.0,lv,"[""KSTP-TV (St. Paul)"", ""KAAL-TV (Austin)"", ""WDIO-DT (Duluth)""]",False,,"KSTP-TV (St. Paul, Minn.), KAAL-TV (Austin, Minn.), WDIO-DT (Duluth, Minn.)",,,,unmapped_party,False,0.6174922868805635,1.0,0.9089829481348921,1.0,0.0,Minnesota,MN
us-202fab12ee3caf,us-senator,2026 Michigan,,"Fabrizio, Lee & Associates/Impact Research",2026-08-09,2026-08-11,2026-08-20,877.0,lv,"[""AARP""]",False,,https://www.aarp.org/pri/topics/voter-research/politics/2026-midterm-election-poll-michigan/,,,,unmapped_party,False,0.5375582581748864,1.0,1.0470195795685961,1.0,0.0,Michigan,MI
us-202sai47715591,us-senator,2026 New Hampshire,,Saint Anselm College Survey Center,2026-08-17,2026-08-18,2026-08-25,1411.0,lv,[],False,,https://www.anselm.edu/about/anselmian-hub/news/new-saint-anselm-college-poll-finds-republicans-facing-midterm-headwinds-democratic-lead-widens,,,,unmapped_party,False,0.6319254849029513,1.0,1.3280624985293425,1.0,0.0,New Hampshire,NH
us-202saif937cd00,us-senator,2026 New Hampshire,,Saint Anselm College Survey Center,2026-08-17,2026-08-18,2026-08-26,1411.0,lv,[],False,,https://www.anselm.edu/about/anselmian-hub/news/new-saint-anselm-college-poll-finds-republicans-facing-midterm-headwinds-democratic-lead-widens,,,,unmapped_party,False,0.6319254849029513,1.0,1.3280624985293425,1.0,0.0,New Hampshire,NH
us-202hig0453aa0e,us-senator,2026 North Carolina,,High Point University Survey Research Center,2026-08-03,2026-08-12,2026-08-26,660.0,lv,[],False,,https://www.highpoint.edu/src/files/2023/08/HPU-Poll-126-Memo-08192026.pdf,,,,unmapped_party,False,0.5501230868434407,1.0,0.9082951062292475,1.0,0.0,North Carolina,NC
us-202hig8ec8c4e5,us-senator,2026 North Carolina,,High Point University Survey Research Center,2026-08-03,2026-08-12,2026-08-26,800.0,rv,[],False,,https://www.highpoint.edu/src/files/2023/08/HPU-Poll-126-Memo-08192026.pdf,,,,unmapped_party,False,0.5501230868434407,0.88,1.0,1.0,0.0,North Carolina,NC
us-202the54ba4671,us-senator,2026 Texas,,The Texas Politics Project at the University of Texas at Austin/YouGov,2026-08-05,2026-08-13,2026-08-26,1218.0,rv,[],False,,https://texaspolitics.utexas.edu/blog/new-ut-texas-politics-project-poll-finds-talarico-leading-paxton-abbott-leading-hinojosa-continued-resistance-to-data-centers-2,,,,unmapped_party,False,0.5629816044602517,0.88,1.2338962679253065,1.0,0.0,Texas,TX
us-202sufc2449e1f,us-senator,2026 Iowa,,Suffolk University,2026-08-20,2026-08-23,2026-08-26,500.0,lv,[],False,,https://www.suffolk.edu/academics/research-at-suffolk/political-research-center/polls/other-states#collapse-August-26-2026-Iowa-Governor-and-US-Senate-General-Election,,,,unmapped_party,False,0.7093123741630605,1.0,0.7905694150420949,1.0,0.0,Iowa,IA
us-202unie006e257,us-senator,2026 New Hampshire,,University of New Hampshire,2026-08-20,2026-08-24,2026-08-26,1878.0,lv,[],False,,https://scholars.unh.edu/survey_center_polls/988/,,,,unmapped_party,False,0.7258917649887239,1.0,1.45,1.0,0.0,New Hampshire,NH
us-202sli394bd9a0,us-senator,2026 Texas,,Slingshot Strategies,2026-08-21,2026-08-24,2026-08-27,1000.0,lv,"[""Texas Public Opinion Research""]",False,,https://texaspublicopinionresearch.substack.com/p/new-poll-in-texas-general-election,,,,unmapped_party,False,0.7258917649887239,1.0,1.118033988749895,1.0,0.0,Texas,TX
us-202uni2c6a92aa,us-senator,2026 Rhode Island,,University of New Hampshire,2026-08-20,2026-08-24,2026-08-27,750.0,lv,[],False,,https://scholars.unh.edu/survey_center_polls/990/,,,,unmapped_party,False,0.7258917649887239,1.0,0.9682458365518543,1.0,0.0,Rhode Island,RI
us-202uni38178073,us-senator,2026 New Hampshire,,University of New Hampshire,2026-08-20,2026-08-24,2026-08-27,1878.0,lv,[],False,,https://scholars.unh.edu/survey_center_polls/988/,,,,unmapped_party,False,0.7258917649887239,1.0,1.45,1.0,0.0,New Hampshire,NH
us-202unic67dc15d,us-senator,2026 Massachusetts,,University of New Hampshire,2026-08-20,2026-08-24,2026-08-27,881.0,lv,[],False,,https://scholars.unh.edu/survey_center_polls/989/,,,,unmapped_party,False,0.7258917649887239,1.0,1.0494045930907678,1.0,0.0,Massachusetts,MA
us-202unif995f365,us-senator,2026 Massachusetts,,University of New Hampshire,2026-08-20,2026-08-24,2026-08-27,881.0,lv,[],False,,https://scholars.unh.edu/survey_center_polls/989/,,,,unmapped_party,False,0.7258917649887239,1.0,1.0494045930907678,1.0,0.0,Massachusetts,MA
us-202dat084dfba9,us-senator,2026 Mississippi,,Data for Progress,2026-08-05,2026-08-15,2026-08-29,1018.0,lv,"[""Way to Lead PAC""]",False,DEM,https://chartingthewayforward.substack.com/p/research-release-fresh-polling-from,41.0,47.0,-6.0,incumbent_plus_two_candidate_inference,True,0.5896073256073483,1.0,1.1280514172678477,1.0,0.6651073792828747,Mississippi,MS
us-202epi5f481027,us-senator,2026 Michigan,,EPIC-MRA,2026-08-22,2026-08-28,2026-08-29,600.0,lv,[],False,,https://drive.google.com/file/d/1flmzB5xpdJ6Noa-3hAbms0vBml6KwAxy/view?usp=sharing,,,,unmapped_party,False,0.7961762203942533,1.0,0.8660254037844386,1.0,0.0,Michigan,MI
us-202resf47cceea,us-senator,2026 New Mexico,,Research & Polling Inc.,2026-08-21,2026-08-28,2026-09-01,516.0,lv,"[""Albuquerque Journal""]",False,,https://abqjournal-nm.newsmemory.com/?token=c7c266ad2404c07e6349028f271b1c50_6a96a56c_5328_0,,,,unmapped_party,False,0.7961762203942533,1.0,0.8031189202104505,1.0,0.0,New Mexico,NM
us-202micb55519f5,us-senator,2026 Michigan,,Michigan State University Institute for Public Policy and Social Research/YouGov,2026-08-10,2026-08-20,2026-09-01,779.0,lv,[],False,,https://ippsr.msu.edu/news/msu-poll-shows-democrats-lead-republicans-coalesce-behind-rogers,,,,unmapped_party,False,0.6618118463994356,1.0,0.9867877177995276,1.0,0.0,Michigan,MI
us-202miccc27552a,us-senator,2026 Michigan,,Michigan State University Institute for Public Policy and Social Research/YouGov,2026-08-10,2026-08-20,2026-09-01,913.0,rv,[],False,,https://ippsr.msu.edu/news/msu-poll-shows-democrats-lead-republicans-coalesce-behind-rogers,,,,unmapped_party,False,0.6618118463994356,0.88,1.068293030961075,1.0,0.0,Michigan,MI
us-202emec4141ca7,us-senator,2026 Iowa,,Emerson College,2026-08-31,2026-09-01,2026-09-03,750.0,lv,"[""Nexstar Media""]",False,,https://emersoncollegepolling.com/iowa-2026-poll-hinson-leads-turek/,,,,unmapped_party,False,0.8732659667672709,1.0,0.9682458365518543,1.0,0.0,Iowa,IA
us-202ala6eea5978,us-senator,2026 Alaska,,Alaska Survey Research,2026-08-20,2026-08-23,2026-09-03,1495.0,lv,[],False,,https://x.com/The_Real_ASR/status/2095186398882287632,50.6,49.4,1.2000000000000028,incumbent_plus_two_candidate_inference,True,0.7093123741630605,1.0,1.3670223114492315,1.0,0.9696458412679291,Alaska,AK
us-202tara610e9e2,us-senator,2026 Tennessee,,Targoz Market Research,2026-08-15,2026-08-26,2026-09-03,1157.0,rv,"[""Beacon Center of Tennessee""]",False,,https://tennsight.com/polls/august-2026/,31.0,51.0,-20.0,incumbent_plus_two_candidate_inference,True,0.7602221792765821,0.88,1.2026013470805694,1.0,0.8045349108531186,Tennessee,TN
